变压器资产ID,产生时间（yyyy-MM-dd HH:mm:ss）,油位
500KV-BYQ-001,2024-06-01 00:00:00,459.1
500KV-BYQ-002,2024-06-01 00:00:00,442.5
500KV-BYQ-003,2024-06-01 00:00:00,414.2
500KV-BYQ-001,2024-06-01 06:00:00,459.7
500KV-BYQ-002,2024-06-01 06:00:00,446.3
500KV-BYQ-003,2024-06-01 06:00:00,416.4
500KV-BYQ-001,2024-06-01 12:00:00,461.9
500KV-BYQ-002,2024-06-01 12:00:00,450.4
500KV-BYQ-003,2024-06-01 12:00:00,420.6
500KV-BYQ-001,2024-06-01 18:00:00,462.7
500KV-BYQ-002,2024-06-01 18:00:00,452.7
500KV-BYQ-003,2024-06-01 18:00:00,421.8
500KV-BYQ-001,2024-06-02 00:00:00,459.5
500KV-BYQ-002,2024-06-02 00:00:00,454.2
500KV-BYQ-003,2024-06-02 00:00:00,418.8
500KV-BYQ-001,2024-06-02 06:00:00,455.2
500KV-BYQ-002,2024-06-02 06:00:00,453.2
500KV-BYQ-003,2024-06-02 06:00:00,420.0
500KV-BYQ-001,2024-06-02 12:00:00,451.3
500KV-BYQ-002,2024-06-02 12:00:00,457.7
500KV-BYQ-003,2024-06-02 12:00:00,422.7
500KV-BYQ-001,2024-06-02 18:00:00,446.8
500KV-BYQ-002,2024-06-02 18:00:00,453.8
500KV-BYQ-003,2024-06-02 18:00:00,423.2
500KV-BYQ-001,2024-06-03 00:00:00,443.2
500KV-BYQ-002,2024-06-03 00:00:00,454.2
500KV-BYQ-003,2024-06-03 00:00:00,425.3
500KV-BYQ-001,2024-06-03 06:00:00,438.9
500KV-BYQ-002,2024-06-03 06:00:00,456.9
500KV-BYQ-003,2024-06-03 06:00:00,423.2
500KV-BYQ-001,2024-06-03 12:00:00,437.3
500KV-BYQ-002,2024-06-03 12:00:00,455.5
500KV-BYQ-003,2024-06-03 12:00:00,420.3
500KV-BYQ-001,2024-06-03 18:00:00,440.6
500KV-BYQ-002,2024-06-03 18:00:00,458.4
500KV-BYQ-003,2024-06-03 18:00:00,423.2
500KV-BYQ-001,2024-06-04 00:00:00,440.4
500KV-BYQ-002,2024-06-04 00:00:00,459.7
500KV-BYQ-003,2024-06-04 00:00:00,424.5
500KV-BYQ-001,2024-06-04 06:00:00,443.4
500KV-BYQ-002,2024-06-04 06:00:00,463.1
500KV-BYQ-003,2024-06-04 06:00:00,423.8
500KV-BYQ-001,2024-06-04 12:00:00,440.7
500KV-BYQ-002,2024-06-04 12:00:00,462.3
500KV-BYQ-003,2024-06-04 12:00:00,424.2
500KV-BYQ-001,2024-06-04 18:00:00,444.6
500KV-BYQ-002,2024-06-04 18:00:00,458.2
500KV-BYQ-003,2024-06-04 18:00:00,426.7
500KV-BYQ-001,2024-06-05 00:00:00,443.6
500KV-BYQ-002,2024-06-05 00:00:00,462.9
500KV-BYQ-003,2024-06-05 00:00:00,421.7
500KV-BYQ-001,2024-06-05 06:00:00,440.6
500KV-BYQ-002,2024-06-05 06:00:00,466.0
500KV-BYQ-003,2024-06-05 06:00:00,417.1
500KV-BYQ-001,2024-06-05 12:00:00,443.0
500KV-BYQ-002,2024-06-05 12:00:00,464.9
500KV-BYQ-003,2024-06-05 12:00:00,415.5
500KV-BYQ-001,2024-06-05 18:00:00,443.4
500KV-BYQ-002,2024-06-05 18:00:00,466.3
500KV-BYQ-003,2024-06-05 18:00:00,411.6
500KV-BYQ-001,2024-06-06 00:00:00,438.5
500KV-BYQ-002,2024-06-06 00:00:00,462.5
500KV-BYQ-003,2024-06-06 00:00:00,408.0
500KV-BYQ-001,2024-06-06 06:00:00,439.3
500KV-BYQ-002,2024-06-06 06:00:00,464.1
500KV-BYQ-003,2024-06-06 06:00:00,405.0
500KV-BYQ-001,2024-06-06 12:00:00,438.7
500KV-BYQ-002,2024-06-06 12:00:00,466.2
500KV-BYQ-003,2024-06-06 12:00:00,400.1
500KV-BYQ-001,2024-06-06 18:00:00,442.0
500KV-BYQ-002,2024-06-06 18:00:00,464.0
500KV-BYQ-003,2024-06-06 18:00:00,396.8
500KV-BYQ-001,2024-06-07 00:00:00,442.4
500KV-BYQ-002,2024-06-07 00:00:00,465.0
500KV-BYQ-003,2024-06-07 00:00:00,401.3
500KV-BYQ-001,2024-06-07 06:00:00,442.7
500KV-BYQ-002,2024-06-07 06:00:00,468.1
500KV-BYQ-003,2024-06-07 06:00:00,402.0
500KV-BYQ-001,2024-06-07 12:00:00,438.2
500KV-BYQ-002,2024-06-07 12:00:00,463.2
500KV-BYQ-003,2024-06-07 12:00:00,397.0
500KV-BYQ-001,2024-06-07 18:00:00,442.7
500KV-BYQ-002,2024-06-07 18:00:00,458.8
500KV-BYQ-003,2024-06-07 18:00:00,398.7
500KV-BYQ-001,2024-06-08 00:00:00,440.3
500KV-BYQ-002,2024-06-08 00:00:00,454.2
500KV-BYQ-003,2024-06-08 00:00:00,394.1
500KV-BYQ-001,2024-06-08 06:00:00,438.7
500KV-BYQ-002,2024-06-08 06:00:00,450.6
500KV-BYQ-003,2024-06-08 06:00:00,398.4
500KV-BYQ-001,2024-06-08 12:00:00,443.2
500KV-BYQ-002,2024-06-08 12:00:00,446.2
500KV-BYQ-003,2024-06-08 12:00:00,394.2
500KV-BYQ-001,2024-06-08 18:00:00,439.5
500KV-BYQ-002,2024-06-08 18:00:00,449.6
500KV-BYQ-003,2024-06-08 18:00:00,398.5
500KV-BYQ-001,2024-06-09 00:00:00,441.9
500KV-BYQ-002,2024-06-09 00:00:00,445.8
500KV-BYQ-003,2024-06-09 00:00:00,402.6
500KV-BYQ-001,2024-06-09 06:00:00,442.9
500KV-BYQ-002,2024-06-09 06:00:00,444.3
500KV-BYQ-003,2024-06-09 06:00:00,399.6
500KV-BYQ-001,2024-06-09 12:00:00,447.0
500KV-BYQ-002,2024-06-09 12:00:00,447.3
500KV-BYQ-003,2024-06-09 12:00:00,402.8
500KV-BYQ-001,2024-06-09 18:00:00,450.4
500KV-BYQ-002,2024-06-09 18:00:00,444.4
500KV-BYQ-003,2024-06-09 18:00:00,407.4
500KV-BYQ-001,2024-06-10 00:00:00,455.4
500KV-BYQ-002,2024-06-10 00:00:00,441.1
500KV-BYQ-003,2024-06-10 00:00:00,410.5
500KV-BYQ-001,2024-06-10 06:00:00,454.7
500KV-BYQ-002,2024-06-10 06:00:00,442.6
500KV-BYQ-003,2024-06-10 06:00:00,412.6
500KV-BYQ-001,2024-06-10 12:00:00,453.9
500KV-BYQ-002,2024-06-10 12:00:00,445.7
500KV-BYQ-003,2024-06-10 12:00:00,409.6
500KV-BYQ-001,2024-06-10 18:00:00,455.2
500KV-BYQ-002,2024-06-10 18:00:00,442.5
500KV-BYQ-003,2024-06-10 18:00:00,410.5
500KV-BYQ-001,2024-06-11 00:00:00,454.9
500KV-BYQ-002,2024-06-11 00:00:00,445.4
500KV-BYQ-003,2024-06-11 00:00:00,410.7
500KV-BYQ-001,2024-06-11 06:00:00,455.4
500KV-BYQ-002,2024-06-11 06:00:00,447.2
500KV-BYQ-003,2024-06-11 06:00:00,410.4
500KV-BYQ-001,2024-06-11 12:00:00,450.9
500KV-BYQ-002,2024-06-11 12:00:00,442.7
500KV-BYQ-003,2024-06-11 12:00:00,405.9
500KV-BYQ-001,2024-06-11 18:00:00,450.9
500KV-BYQ-002,2024-06-11 18:00:00,446.2
500KV-BYQ-003,2024-06-11 18:00:00,403.3
500KV-BYQ-001,2024-06-12 00:00:00,450.2
500KV-BYQ-002,2024-06-12 00:00:00,443.4
500KV-BYQ-003,2024-06-12 00:00:00,402.0
500KV-BYQ-001,2024-06-12 06:00:00,452.8
500KV-BYQ-002,2024-06-12 06:00:00,446.3
500KV-BYQ-003,2024-06-12 06:00:00,399.9
500KV-BYQ-001,2024-06-12 12:00:00,449.5
500KV-BYQ-002,2024-06-12 12:00:00,448.1
500KV-BYQ-003,2024-06-12 12:00:00,395.6
500KV-BYQ-001,2024-06-12 18:00:00,452.5
500KV-BYQ-002,2024-06-12 18:00:00,443.6
500KV-BYQ-003,2024-06-12 18:00:00,394.4
500KV-BYQ-001,2024-06-13 00:00:00,448.0
500KV-BYQ-002,2024-06-13 00:00:00,444.7
500KV-BYQ-003,2024-06-13 00:00:00,391.2
500KV-BYQ-001,2024-06-13 06:00:00,449.9
500KV-BYQ-002,2024-06-13 06:00:00,444.5
500KV-BYQ-003,2024-06-13 06:00:00,387.3
500KV-BYQ-001,2024-06-13 12:00:00,448.1
500KV-BYQ-002,2024-06-13 12:00:00,443.5
500KV-BYQ-003,2024-06-13 12:00:00,384.7
500KV-BYQ-001,2024-06-13 18:00:00,450.0
500KV-BYQ-002,2024-06-13 18:00:00,443.9
500KV-BYQ-003,2024-06-13 18:00:00,388.8
500KV-BYQ-001,2024-06-14 00:00:00,446.5
500KV-BYQ-002,2024-06-14 00:00:00,447.0
500KV-BYQ-003,2024-06-14 00:00:00,385.8
500KV-BYQ-001,2024-06-14 06:00:00,443.7
500KV-BYQ-002,2024-06-14 06:00:00,450.8
500KV-BYQ-003,2024-06-14 06:00:00,389.7
500KV-BYQ-001,2024-06-14 12:00:00,444.7
500KV-BYQ-002,2024-06-14 12:00:00,447.4
500KV-BYQ-003,2024-06-14 12:00:00,384.9
500KV-BYQ-001,2024-06-14 18:00:00,446.4
500KV-BYQ-002,2024-06-14 18:00:00,449.2
500KV-BYQ-003,2024-06-14 18:00:00,382.9
500KV-BYQ-001,2024-06-15 00:00:00,447.1
500KV-BYQ-002,2024-06-15 00:00:00,453.5
500KV-BYQ-003,2024-06-15 00:00:00,381.5
500KV-BYQ-001,2024-06-15 06:00:00,442.8
500KV-BYQ-002,2024-06-15 06:00:00,458.5
500KV-BYQ-003,2024-06-15 06:00:00,383.7
500KV-BYQ-001,2024-06-15 12:00:00,442.5
500KV-BYQ-002,2024-06-15 12:00:00,463.3
500KV-BYQ-003,2024-06-15 12:00:00,380.5
500KV-BYQ-001,2024-06-15 18:00:00,445.2
500KV-BYQ-002,2024-06-15 18:00:00,461.9
500KV-BYQ-003,2024-06-15 18:00:00,381.2
500KV-BYQ-001,2024-06-16 00:00:00,445.9
500KV-BYQ-002,2024-06-16 00:00:00,461.4
500KV-BYQ-003,2024-06-16 00:00:00,385.9
500KV-BYQ-001,2024-06-16 06:00:00,443.4
500KV-BYQ-002,2024-06-16 06:00:00,459.5
500KV-BYQ-003,2024-06-16 06:00:00,384.0
500KV-BYQ-001,2024-06-16 12:00:00,446.6
500KV-BYQ-002,2024-06-16 12:00:00,457.9
500KV-BYQ-003,2024-06-16 12:00:00,386.3
500KV-BYQ-001,2024-06-16 18:00:00,446.1
500KV-BYQ-002,2024-06-16 18:00:00,457.1
500KV-BYQ-003,2024-06-16 18:00:00,388.6
500KV-BYQ-001,2024-06-17 00:00:00,450.2
500KV-BYQ-002,2024-06-17 00:00:00,455.9
500KV-BYQ-003,2024-06-17 00:00:00,388.9
500KV-BYQ-001,2024-06-17 06:00:00,453.8
500KV-BYQ-002,2024-06-17 06:00:00,452.1
500KV-BYQ-003,2024-06-17 06:00:00,385.2
500KV-BYQ-001,2024-06-17 12:00:00,449.8
500KV-BYQ-002,2024-06-17 12:00:00,453.7
500KV-BYQ-003,2024-06-17 12:00:00,381.4
500KV-BYQ-001,2024-06-17 18:00:00,453.7
500KV-BYQ-002,2024-06-17 18:00:00,450.1
500KV-BYQ-003,2024-06-17 18:00:00,382.3
500KV-BYQ-001,2024-06-18 00:00:00,450.2
500KV-BYQ-002,2024-06-18 00:00:00,445.1
500KV-BYQ-003,2024-06-18 00:00:00,377.7
500KV-BYQ-001,2024-06-18 06:00:00,450.7
500KV-BYQ-002,2024-06-18 06:00:00,447.1
500KV-BYQ-003,2024-06-18 06:00:00,378.1
500KV-BYQ-001,2024-06-18 12:00:00,453.4
500KV-BYQ-002,2024-06-18 12:00:00,448.6
500KV-BYQ-003,2024-06-18 12:00:00,381.6
500KV-BYQ-001,2024-06-18 18:00:00,451.3
500KV-BYQ-002,2024-06-18 18:00:00,444.9
500KV-BYQ-003,2024-06-18 18:00:00,386.1
500KV-BYQ-001,2024-06-19 00:00:00,447.7
500KV-BYQ-002,2024-06-19 00:00:00,444.3
500KV-BYQ-003,2024-06-19 00:00:00,382.8
500KV-BYQ-001,2024-06-19 06:00:00,450.8
500KV-BYQ-002,2024-06-19 06:00:00,441.9
500KV-BYQ-003,2024-06-19 06:00:00,387.2
500KV-BYQ-001,2024-06-19 12:00:00,455.7
500KV-BYQ-002,2024-06-19 12:00:00,439.9
500KV-BYQ-003,2024-06-19 12:00:00,390.5
500KV-BYQ-001,2024-06-19 18:00:00,459.8
500KV-BYQ-002,2024-06-19 18:00:00,436.9
500KV-BYQ-003,2024-06-19 18:00:00,392.4
500KV-BYQ-001,2024-06-20 00:00:00,460.6
500KV-BYQ-002,2024-06-20 00:00:00,441.0
500KV-BYQ-003,2024-06-20 00:00:00,396.0
500KV-BYQ-001,2024-06-20 06:00:00,465.1
500KV-BYQ-002,2024-06-20 06:00:00,438.0
500KV-BYQ-003,2024-06-20 06:00:00,394.8
500KV-BYQ-001,2024-06-20 12:00:00,462.1
500KV-BYQ-002,2024-06-20 12:00:00,437.4
500KV-BYQ-003,2024-06-20 12:00:00,393.1
500KV-BYQ-001,2024-06-20 18:00:00,463.1
500KV-BYQ-002,2024-06-20 18:00:00,439.4
500KV-BYQ-003,2024-06-20 18:00:00,396.0
500KV-BYQ-001,2024-06-21 00:00:00,464.9
500KV-BYQ-002,2024-06-21 00:00:00,441.9
500KV-BYQ-003,2024-06-21 00:00:00,399.9
500KV-BYQ-001,2024-06-21 06:00:00,463.8
500KV-BYQ-002,2024-06-21 06:00:00,443.6
500KV-BYQ-003,2024-06-21 06:00:00,397.2
500KV-BYQ-001,2024-06-21 12:00:00,464.5
500KV-BYQ-002,2024-06-21 12:00:00,446.3
500KV-BYQ-003,2024-06-21 12:00:00,395.0
500KV-BYQ-001,2024-06-21 18:00:00,460.6
500KV-BYQ-002,2024-06-21 18:00:00,444.1
500KV-BYQ-003,2024-06-21 18:00:00,399.7
500KV-BYQ-001,2024-06-22 00:00:00,464.3
500KV-BYQ-002,2024-06-22 00:00:00,447.6
500KV-BYQ-003,2024-06-22 00:00:00,396.1
500KV-BYQ-001,2024-06-22 06:00:00,467.5
500KV-BYQ-002,2024-06-22 06:00:00,451.9
500KV-BYQ-003,2024-06-22 06:00:00,397.8
500KV-BYQ-001,2024-06-22 12:00:00,470.4
500KV-BYQ-002,2024-06-22 12:00:00,452.2
500KV-BYQ-003,2024-06-22 12:00:00,396.0
500KV-BYQ-001,2024-06-22 18:00:00,471.1
500KV-BYQ-002,2024-06-22 18:00:00,449.1
500KV-BYQ-003,2024-06-22 18:00:00,400.9
500KV-BYQ-001,2024-06-23 00:00:00,472.8
500KV-BYQ-002,2024-06-23 00:00:00,451.7
500KV-BYQ-003,2024-06-23 00:00:00,405.8
500KV-BYQ-001,2024-06-23 06:00:00,476.9
500KV-BYQ-002,2024-06-23 06:00:00,453.4
500KV-BYQ-003,2024-06-23 06:00:00,404.9
500KV-BYQ-001,2024-06-23 12:00:00,474.5
500KV-BYQ-002,2024-06-23 12:00:00,452.9
500KV-BYQ-003,2024-06-23 12:00:00,401.0
500KV-BYQ-001,2024-06-23 18:00:00,473.0
500KV-BYQ-002,2024-06-23 18:00:00,456.8
500KV-BYQ-003,2024-06-23 18:00:00,399.5
500KV-BYQ-001,2024-06-24 00:00:00,471.1
500KV-BYQ-002,2024-06-24 00:00:00,457.9
500KV-BYQ-003,2024-06-24 00:00:00,396.2
500KV-BYQ-001,2024-06-24 06:00:00,467.8
500KV-BYQ-002,2024-06-24 06:00:00,460.7
500KV-BYQ-003,2024-06-24 06:00:00,396.9
500KV-BYQ-001,2024-06-24 12:00:00,463.7
500KV-BYQ-002,2024-06-24 12:00:00,461.6
500KV-BYQ-003,2024-06-24 12:00:00,393.3
500KV-BYQ-001,2024-06-24 18:00:00,466.3
500KV-BYQ-002,2024-06-24 18:00:00,465.0
500KV-BYQ-003,2024-06-24 18:00:00,392.0
500KV-BYQ-001,2024-06-25 00:00:00,469.7
500KV-BYQ-002,2024-06-25 00:00:00,462.1
500KV-BYQ-003,2024-06-25 00:00:00,388.7
500KV-BYQ-001,2024-06-25 06:00:00,474.6
500KV-BYQ-002,2024-06-25 06:00:00,466.9
500KV-BYQ-003,2024-06-25 06:00:00,390.3
500KV-BYQ-001,2024-06-25 12:00:00,477.4
500KV-BYQ-002,2024-06-25 12:00:00,465.8
500KV-BYQ-003,2024-06-25 12:00:00,386.7
500KV-BYQ-001,2024-06-25 18:00:00,473.7
500KV-BYQ-002,2024-06-25 18:00:00,463.7
500KV-BYQ-003,2024-06-25 18:00:00,384.7
500KV-BYQ-001,2024-06-26 00:00:00,471.3
500KV-BYQ-002,2024-06-26 00:00:00,464.3
500KV-BYQ-003,2024-06-26 00:00:00,388.3
500KV-BYQ-001,2024-06-26 06:00:00,472.7
500KV-BYQ-002,2024-06-26 06:00:00,465.1
500KV-BYQ-003,2024-06-26 06:00:00,390.9
500KV-BYQ-001,2024-06-26 12:00:00,469.4
500KV-BYQ-002,2024-06-26 12:00:00,460.6
500KV-BYQ-003,2024-06-26 12:00:00,389.0
500KV-BYQ-001,2024-06-26 18:00:00,472.6
500KV-BYQ-002,2024-06-26 18:00:00,460.0
500KV-BYQ-003,2024-06-26 18:00:00,384.6
500KV-BYQ-001,2024-06-27 00:00:00,471.8
500KV-BYQ-002,2024-06-27 00:00:00,455.2
500KV-BYQ-003,2024-06-27 00:00:00,387.1
500KV-BYQ-001,2024-06-27 06:00:00,473.2
500KV-BYQ-002,2024-06-27 06:00:00,450.8
500KV-BYQ-003,2024-06-27 06:00:00,389.7
500KV-BYQ-001,2024-06-27 12:00:00,475.2
500KV-BYQ-002,2024-06-27 12:00:00,448.3
500KV-BYQ-003,2024-06-27 12:00:00,389.8
500KV-BYQ-001,2024-06-27 18:00:00,474.5
500KV-BYQ-002,2024-06-27 18:00:00,446.3
500KV-BYQ-003,2024-06-27 18:00:00,390.6
500KV-BYQ-001,2024-06-28 00:00:00,477.6
500KV-BYQ-002,2024-06-28 00:00:00,450.4
500KV-BYQ-003,2024-06-28 00:00:00,393.0
500KV-BYQ-001,2024-06-28 06:00:00,473.0
500KV-BYQ-002,2024-06-28 06:00:00,446.5
500KV-BYQ-003,2024-06-28 06:00:00,396.0
500KV-BYQ-001,2024-06-28 12:00:00,471.3
500KV-BYQ-002,2024-06-28 12:00:00,445.6
500KV-BYQ-003,2024-06-28 12:00:00,400.8
500KV-BYQ-001,2024-06-28 18:00:00,470.7
500KV-BYQ-002,2024-06-28 18:00:00,448.2
500KV-BYQ-003,2024-06-28 18:00:00,401.4
500KV-BYQ-001,2024-06-29 00:00:00,472.4
500KV-BYQ-002,2024-06-29 00:00:00,451.1
500KV-BYQ-003,2024-06-29 00:00:00,397.1
500KV-BYQ-001,2024-06-29 06:00:00,476.6
500KV-BYQ-002,2024-06-29 06:00:00,455.5
500KV-BYQ-003,2024-06-29 06:00:00,399.0
500KV-BYQ-001,2024-06-29 12:00:00,479.0
500KV-BYQ-002,2024-06-29 12:00:00,458.2
500KV-BYQ-003,2024-06-29 12:00:00,401.5
500KV-BYQ-001,2024-06-29 18:00:00,476.6
500KV-BYQ-002,2024-06-29 18:00:00,455.9
500KV-BYQ-003,2024-06-29 18:00:00,405.9
500KV-BYQ-001,2024-06-30 00:00:00,473.3
500KV-BYQ-002,2024-06-30 00:00:00,456.5
500KV-BYQ-003,2024-06-30 00:00:00,403.9
500KV-BYQ-001,2024-06-30 06:00:00,476.5
500KV-BYQ-002,2024-06-30 06:00:00,451.9
500KV-BYQ-003,2024-06-30 06:00:00,406.8
500KV-BYQ-001,2024-06-30 12:00:00,480.5
500KV-BYQ-002,2024-06-30 12:00:00,454.2
500KV-BYQ-003,2024-06-30 12:00:00,408.5
500KV-BYQ-001,2024-06-30 18:00:00,477.9
500KV-BYQ-002,2024-06-30 18:00:00,452.5
500KV-BYQ-003,2024-06-30 18:00:00,413.3
500KV-BYQ-001,2024-07-01 00:00:00,482.0
500KV-BYQ-002,2024-07-01 00:00:00,456.7
500KV-BYQ-003,2024-07-01 00:00:00,413.1
500KV-BYQ-001,2024-07-01 06:00:00,483.7
500KV-BYQ-002,2024-07-01 06:00:00,459.6
500KV-BYQ-003,2024-07-01 06:00:00,412.3
500KV-BYQ-001,2024-07-01 12:00:00,485.9
500KV-BYQ-002,2024-07-01 12:00:00,457.9
500KV-BYQ-003,2024-07-01 12:00:00,409.5
500KV-BYQ-001,2024-07-01 18:00:00,487.9
500KV-BYQ-002,2024-07-01 18:00:00,460.8
500KV-BYQ-003,2024-07-01 18:00:00,413.9
500KV-BYQ-001,2024-07-02 00:00:00,488.9
500KV-BYQ-002,2024-07-02 00:00:00,458.7
500KV-BYQ-003,2024-07-02 00:00:00,415.1
500KV-BYQ-001,2024-07-02 06:00:00,487.2
500KV-BYQ-002,2024-07-02 06:00:00,454.4
500KV-BYQ-003,2024-07-02 06:00:00,414.7
500KV-BYQ-001,2024-07-02 12:00:00,490.5
500KV-BYQ-002,2024-07-02 12:00:00,456.9
500KV-BYQ-003,2024-07-02 12:00:00,410.7
500KV-BYQ-001,2024-07-02 18:00:00,486.5
500KV-BYQ-002,2024-07-02 18:00:00,453.4
500KV-BYQ-003,2024-07-02 18:00:00,413.2
500KV-BYQ-001,2024-07-03 00:00:00,484.0
500KV-BYQ-002,2024-07-03 00:00:00,452.5
500KV-BYQ-003,2024-07-03 00:00:00,417.5
500KV-BYQ-001,2024-07-03 06:00:00,487.8
500KV-BYQ-002,2024-07-03 06:00:00,457.4
500KV-BYQ-003,2024-07-03 06:00:00,421.2
500KV-BYQ-001,2024-07-03 12:00:00,487.7
500KV-BYQ-002,2024-07-03 12:00:00,453.9
500KV-BYQ-003,2024-07-03 12:00:00,421.6
500KV-BYQ-001,2024-07-03 18:00:00,490.6
500KV-BYQ-002,2024-07-03 18:00:00,454.3
500KV-BYQ-003,2024-07-03 18:00:00,422.1
500KV-BYQ-001,2024-07-04 00:00:00,488.5
500KV-BYQ-002,2024-07-04 00:00:00,449.8
500KV-BYQ-003,2024-07-04 00:00:00,421.2
500KV-BYQ-001,2024-07-04 06:00:00,487.6
500KV-BYQ-002,2024-07-04 06:00:00,449.0
500KV-BYQ-003,2024-07-04 06:00:00,425.8
500KV-BYQ-001,2024-07-04 12:00:00,487.5
500KV-BYQ-002,2024-07-04 12:00:00,452.6
500KV-BYQ-003,2024-07-04 12:00:00,426.2
500KV-BYQ-001,2024-07-04 18:00:00,487.0
500KV-BYQ-002,2024-07-04 18:00:00,452.3
500KV-BYQ-003,2024-07-04 18:00:00,430.8
500KV-BYQ-001,2024-07-05 00:00:00,482.1
500KV-BYQ-002,2024-07-05 00:00:00,451.2
500KV-BYQ-003,2024-07-05 00:00:00,430.3
500KV-BYQ-001,2024-07-05 06:00:00,485.3
500KV-BYQ-002,2024-07-05 06:00:00,454.5
500KV-BYQ-003,2024-07-05 06:00:00,428.8
500KV-BYQ-001,2024-07-05 12:00:00,488.6
500KV-BYQ-002,2024-07-05 12:00:00,453.4
500KV-BYQ-003,2024-07-05 12:00:00,428.0
500KV-BYQ-001,2024-07-05 18:00:00,489.7
500KV-BYQ-002,2024-07-05 18:00:00,449.0
500KV-BYQ-003,2024-07-05 18:00:00,423.0
500KV-BYQ-001,2024-07-06 00:00:00,484.9
500KV-BYQ-002,2024-07-06 00:00:00,451.0
500KV-BYQ-003,2024-07-06 00:00:00,423.1
500KV-BYQ-001,2024-07-06 06:00:00,486.5
500KV-BYQ-002,2024-07-06 06:00:00,455.9
500KV-BYQ-003,2024-07-06 06:00:00,427.7
500KV-BYQ-001,2024-07-06 12:00:00,491.1
500KV-BYQ-002,2024-07-06 12:00:00,451.0
500KV-BYQ-003,2024-07-06 12:00:00,427.4
500KV-BYQ-001,2024-07-06 18:00:00,489.9
500KV-BYQ-002,2024-07-06 18:00:00,449.5
500KV-BYQ-003,2024-07-06 18:00:00,424.7
500KV-BYQ-001,2024-07-07 00:00:00,493.0
500KV-BYQ-002,2024-07-07 00:00:00,450.4
500KV-BYQ-003,2024-07-07 00:00:00,425.8
500KV-BYQ-001,2024-07-07 06:00:00,494.2
500KV-BYQ-002,2024-07-07 06:00:00,451.8
500KV-BYQ-003,2024-07-07 06:00:00,426.4
500KV-BYQ-001,2024-07-07 12:00:00,489.3
500KV-BYQ-002,2024-07-07 12:00:00,453.1
500KV-BYQ-003,2024-07-07 12:00:00,431.0
500KV-BYQ-001,2024-07-07 18:00:00,489.2
500KV-BYQ-002,2024-07-07 18:00:00,453.1
500KV-BYQ-003,2024-07-07 18:00:00,428.0
500KV-BYQ-001,2024-07-08 00:00:00,486.5
500KV-BYQ-002,2024-07-08 00:00:00,454.8
500KV-BYQ-003,2024-07-08 00:00:00,427.2
500KV-BYQ-001,2024-07-08 06:00:00,487.5
500KV-BYQ-002,2024-07-08 06:00:00,458.7
500KV-BYQ-003,2024-07-08 06:00:00,431.4
500KV-BYQ-001,2024-07-08 12:00:00,490.9
500KV-BYQ-002,2024-07-08 12:00:00,457.6
500KV-BYQ-003,2024-07-08 12:00:00,432.4
500KV-BYQ-001,2024-07-08 18:00:00,488.1
500KV-BYQ-002,2024-07-08 18:00:00,461.6
500KV-BYQ-003,2024-07-08 18:00:00,433.5
500KV-BYQ-001,2024-07-09 00:00:00,491.6
500KV-BYQ-002,2024-07-09 00:00:00,461.6
500KV-BYQ-003,2024-07-09 00:00:00,432.5
500KV-BYQ-001,2024-07-09 06:00:00,492.2
500KV-BYQ-002,2024-07-09 06:00:00,456.7
500KV-BYQ-003,2024-07-09 06:00:00,432.1
500KV-BYQ-001,2024-07-09 12:00:00,492.2
500KV-BYQ-002,2024-07-09 12:00:00,453.4
500KV-BYQ-003,2024-07-09 12:00:00,428.9
500KV-BYQ-001,2024-07-09 18:00:00,491.9
500KV-BYQ-002,2024-07-09 18:00:00,450.4
500KV-BYQ-003,2024-07-09 18:00:00,427.4
500KV-BYQ-001,2024-07-10 00:00:00,488.3
500KV-BYQ-002,2024-07-10 00:00:00,454.5
500KV-BYQ-003,2024-07-10 00:00:00,423.6
500KV-BYQ-001,2024-07-10 06:00:00,492.2
500KV-BYQ-002,2024-07-10 06:00:00,454.5
500KV-BYQ-003,2024-07-10 06:00:00,425.0
500KV-BYQ-001,2024-07-10 12:00:00,487.3
500KV-BYQ-002,2024-07-10 12:00:00,456.2
500KV-BYQ-003,2024-07-10 12:00:00,425.6
500KV-BYQ-001,2024-07-10 18:00:00,485.7
500KV-BYQ-002,2024-07-10 18:00:00,454.5
500KV-BYQ-003,2024-07-10 18:00:00,429.6
500KV-BYQ-001,2024-07-11 00:00:00,480.9
500KV-BYQ-002,2024-07-11 00:00:00,451.7
500KV-BYQ-003,2024-07-11 00:00:00,424.7
500KV-BYQ-001,2024-07-11 06:00:00,480.6
500KV-BYQ-002,2024-07-11 06:00:00,449.7
500KV-BYQ-003,2024-07-11 06:00:00,428.4
500KV-BYQ-001,2024-07-11 12:00:00,481.2
500KV-BYQ-002,2024-07-11 12:00:00,453.5
500KV-BYQ-003,2024-07-11 12:00:00,430.5
500KV-BYQ-001,2024-07-11 18:00:00,484.1
500KV-BYQ-002,2024-07-11 18:00:00,453.5
500KV-BYQ-003,2024-07-11 18:00:00,431.1
500KV-BYQ-001,2024-07-12 00:00:00,482.1
500KV-BYQ-002,2024-07-12 00:00:00,450.8
500KV-BYQ-003,2024-07-12 00:00:00,433.0
500KV-BYQ-001,2024-07-12 06:00:00,486.6
500KV-BYQ-002,2024-07-12 06:00:00,449.5
500KV-BYQ-003,2024-07-12 06:00:00,436.5
500KV-BYQ-001,2024-07-12 12:00:00,490.1
500KV-BYQ-002,2024-07-12 12:00:00,444.9
500KV-BYQ-003,2024-07-12 12:00:00,436.9
500KV-BYQ-001,2024-07-12 18:00:00,486.9
500KV-BYQ-002,2024-07-12 18:00:00,444.7
500KV-BYQ-003,2024-07-12 18:00:00,435.6
500KV-BYQ-001,2024-07-13 00:00:00,487.6
500KV-BYQ-002,2024-07-13 00:00:00,445.5
500KV-BYQ-003,2024-07-13 00:00:00,436.1
500KV-BYQ-001,2024-07-13 06:00:00,489.1
500KV-BYQ-002,2024-07-13 06:00:00,449.6
500KV-BYQ-003,2024-07-13 06:00:00,437.3
500KV-BYQ-001,2024-07-13 12:00:00,489.1
500KV-BYQ-002,2024-07-13 12:00:00,454.5
500KV-BYQ-003,2024-07-13 12:00:00,432.5
500KV-BYQ-001,2024-07-13 18:00:00,488.4
500KV-BYQ-002,2024-07-13 18:00:00,453.8
500KV-BYQ-003,2024-07-13 18:00:00,427.7
500KV-BYQ-001,2024-07-14 00:00:00,493.3
500KV-BYQ-002,2024-07-14 00:00:00,453.8
500KV-BYQ-003,2024-07-14 00:00:00,423.6
500KV-BYQ-001,2024-07-14 06:00:00,488.8
500KV-BYQ-002,2024-07-14 06:00:00,457.6
500KV-BYQ-003,2024-07-14 06:00:00,425.5
500KV-BYQ-001,2024-07-14 12:00:00,486.9
500KV-BYQ-002,2024-07-14 12:00:00,461.9
500KV-BYQ-003,2024-07-14 12:00:00,429.3
500KV-BYQ-001,2024-07-14 18:00:00,485.5
500KV-BYQ-002,2024-07-14 18:00:00,464.8
500KV-BYQ-003,2024-07-14 18:00:00,429.5
500KV-BYQ-001,2024-07-15 00:00:00,489.0
500KV-BYQ-002,2024-07-15 00:00:00,466.2
500KV-BYQ-003,2024-07-15 00:00:00,425.5
500KV-BYQ-001,2024-07-15 06:00:00,486.8
500KV-BYQ-002,2024-07-15 06:00:00,470.7
500KV-BYQ-003,2024-07-15 06:00:00,425.5
500KV-BYQ-001,2024-07-15 12:00:00,482.0
500KV-BYQ-002,2024-07-15 12:00:00,467.2
500KV-BYQ-003,2024-07-15 12:00:00,420.7
500KV-BYQ-001,2024-07-15 18:00:00,483.6
500KV-BYQ-002,2024-07-15 18:00:00,462.5
500KV-BYQ-003,2024-07-15 18:00:00,423.5
500KV-BYQ-001,2024-07-16 00:00:00,479.7
500KV-BYQ-002,2024-07-16 00:00:00,457.7
500KV-BYQ-003,2024-07-16 00:00:00,421.2
500KV-BYQ-001,2024-07-16 06:00:00,475.9
500KV-BYQ-002,2024-07-16 06:00:00,456.0
500KV-BYQ-003,2024-07-16 06:00:00,417.8
500KV-BYQ-001,2024-07-16 12:00:00,479.8
500KV-BYQ-002,2024-07-16 12:00:00,456.3
500KV-BYQ-003,2024-07-16 12:00:00,419.2
500KV-BYQ-001,2024-07-16 18:00:00,478.9
500KV-BYQ-002,2024-07-16 18:00:00,455.2
500KV-BYQ-003,2024-07-16 18:00:00,422.8
500KV-BYQ-001,2024-07-17 00:00:00,476.5
500KV-BYQ-002,2024-07-17 00:00:00,450.3
500KV-BYQ-003,2024-07-17 00:00:00,419.7
500KV-BYQ-001,2024-07-17 06:00:00,481.2
500KV-BYQ-002,2024-07-17 06:00:00,455.2
500KV-BYQ-003,2024-07-17 06:00:00,417.3
500KV-BYQ-001,2024-07-17 12:00:00,480.8
500KV-BYQ-002,2024-07-17 12:00:00,455.0
500KV-BYQ-003,2024-07-17 12:00:00,414.0
500KV-BYQ-001,2024-07-17 18:00:00,480.5
500KV-BYQ-002,2024-07-17 18:00:00,458.4
500KV-BYQ-003,2024-07-17 18:00:00,416.3
500KV-BYQ-001,2024-07-18 00:00:00,477.8
500KV-BYQ-002,2024-07-18 00:00:00,461.2
500KV-BYQ-003,2024-07-18 00:00:00,412.0
500KV-BYQ-001,2024-07-18 06:00:00,476.4
500KV-BYQ-002,2024-07-18 06:00:00,459.9
500KV-BYQ-003,2024-07-18 06:00:00,415.7
500KV-BYQ-001,2024-07-18 12:00:00,473.6
500KV-BYQ-002,2024-07-18 12:00:00,462.2
500KV-BYQ-003,2024-07-18 12:00:00,416.3
500KV-BYQ-001,2024-07-18 18:00:00,473.9
500KV-BYQ-002,2024-07-18 18:00:00,461.2
500KV-BYQ-003,2024-07-18 18:00:00,416.1
500KV-BYQ-001,2024-07-19 00:00:00,477.2
500KV-BYQ-002,2024-07-19 00:00:00,456.7
500KV-BYQ-003,2024-07-19 00:00:00,418.2
500KV-BYQ-001,2024-07-19 06:00:00,480.6
500KV-BYQ-002,2024-07-19 06:00:00,453.0
500KV-BYQ-003,2024-07-19 06:00:00,421.6
500KV-BYQ-001,2024-07-19 12:00:00,479.6
500KV-BYQ-002,2024-07-19 12:00:00,456.5
500KV-BYQ-003,2024-07-19 12:00:00,420.9
500KV-BYQ-001,2024-07-19 18:00:00,481.3
500KV-BYQ-002,2024-07-19 18:00:00,451.8
500KV-BYQ-003,2024-07-19 18:00:00,425.1
500KV-BYQ-001,2024-07-20 00:00:00,478.8
500KV-BYQ-002,2024-07-20 00:00:00,447.0
500KV-BYQ-003,2024-07-20 00:00:00,422.2
500KV-BYQ-001,2024-07-20 06:00:00,479.9
500KV-BYQ-002,2024-07-20 06:00:00,447.8
500KV-BYQ-003,2024-07-20 06:00:00,424.6
500KV-BYQ-001,2024-07-20 12:00:00,476.5
500KV-BYQ-002,2024-07-20 12:00:00,452.6
500KV-BYQ-003,2024-07-20 12:00:00,429.3
500KV-BYQ-001,2024-07-20 18:00:00,477.8
500KV-BYQ-002,2024-07-20 18:00:00,452.5
500KV-BYQ-003,2024-07-20 18:00:00,427.2
500KV-BYQ-001,2024-07-21 00:00:00,475.9
500KV-BYQ-002,2024-07-21 00:00:00,455.1
500KV-BYQ-003,2024-07-21 00:00:00,424.3
500KV-BYQ-001,2024-07-21 06:00:00,477.2
500KV-BYQ-002,2024-07-21 06:00:00,450.7
500KV-BYQ-003,2024-07-21 06:00:00,428.5
500KV-BYQ-001,2024-07-21 12:00:00,481.2
500KV-BYQ-002,2024-07-21 12:00:00,451.1
500KV-BYQ-003,2024-07-21 12:00:00,431.2
500KV-BYQ-001,2024-07-21 18:00:00,484.4
500KV-BYQ-002,2024-07-21 18:00:00,447.5
500KV-BYQ-003,2024-07-21 18:00:00,427.5
500KV-BYQ-001,2024-07-22 00:00:00,484.7
500KV-BYQ-002,2024-07-22 00:00:00,443.1
500KV-BYQ-003,2024-07-22 00:00:00,428.1
500KV-BYQ-001,2024-07-22 06:00:00,481.0
500KV-BYQ-002,2024-07-22 06:00:00,445.4
500KV-BYQ-003,2024-07-22 06:00:00,431.3
500KV-BYQ-001,2024-07-22 12:00:00,481.5
500KV-BYQ-002,2024-07-22 12:00:00,444.0
500KV-BYQ-003,2024-07-22 12:00:00,427.5
500KV-BYQ-001,2024-07-22 18:00:00,483.8
500KV-BYQ-002,2024-07-22 18:00:00,446.6
500KV-BYQ-003,2024-07-22 18:00:00,423.1
500KV-BYQ-001,2024-07-23 00:00:00,488.3
500KV-BYQ-002,2024-07-23 00:00:00,447.8
500KV-BYQ-003,2024-07-23 00:00:00,421.4
500KV-BYQ-001,2024-07-23 06:00:00,487.8
500KV-BYQ-002,2024-07-23 06:00:00,450.2
500KV-BYQ-003,2024-07-23 06:00:00,417.0
500KV-BYQ-001,2024-07-23 12:00:00,487.4
500KV-BYQ-002,2024-07-23 12:00:00,453.1
500KV-BYQ-003,2024-07-23 12:00:00,421.2
500KV-BYQ-001,2024-07-23 18:00:00,489.8
500KV-BYQ-002,2024-07-23 18:00:00,457.8
500KV-BYQ-003,2024-07-23 18:00:00,424.8
500KV-BYQ-001,2024-07-24 00:00:00,486.2
500KV-BYQ-002,2024-07-24 00:00:00,460.3
500KV-BYQ-003,2024-07-24 00:00:00,427.4
500KV-BYQ-001,2024-07-24 06:00:00,484.6
500KV-BYQ-002,2024-07-24 06:00:00,457.9
500KV-BYQ-003,2024-07-24 06:00:00,427.0
500KV-BYQ-001,2024-07-24 12:00:00,480.1
500KV-BYQ-002,2024-07-24 12:00:00,461.3
500KV-BYQ-003,2024-07-24 12:00:00,422.7
500KV-BYQ-001,2024-07-24 18:00:00,475.2
500KV-BYQ-002,2024-07-24 18:00:00,463.0
500KV-BYQ-003,2024-07-24 18:00:00,421.6
500KV-BYQ-001,2024-07-25 00:00:00,471.4
500KV-BYQ-002,2024-07-25 00:00:00,466.7
500KV-BYQ-003,2024-07-25 00:00:00,424.0
500KV-BYQ-001,2024-07-25 06:00:00,468.8
500KV-BYQ-002,2024-07-25 06:00:00,462.3
500KV-BYQ-003,2024-07-25 06:00:00,427.1
500KV-BYQ-001,2024-07-25 12:00:00,469.1
500KV-BYQ-002,2024-07-25 12:00:00,466.2
500KV-BYQ-003,2024-07-25 12:00:00,425.9
500KV-BYQ-001,2024-07-25 18:00:00,469.8
500KV-BYQ-002,2024-07-25 18:00:00,462.8
500KV-BYQ-003,2024-07-25 18:00:00,430.2
500KV-BYQ-001,2024-07-26 00:00:00,473.5
500KV-BYQ-002,2024-07-26 00:00:00,465.5
500KV-BYQ-003,2024-07-26 00:00:00,431.0
500KV-BYQ-001,2024-07-26 06:00:00,473.7
500KV-BYQ-002,2024-07-26 06:00:00,460.8
500KV-BYQ-003,2024-07-26 06:00:00,430.9
500KV-BYQ-001,2024-07-26 12:00:00,477.6
500KV-BYQ-002,2024-07-26 12:00:00,462.5
500KV-BYQ-003,2024-07-26 12:00:00,429.1
500KV-BYQ-001,2024-07-26 18:00:00,477.2
500KV-BYQ-002,2024-07-26 18:00:00,460.5
500KV-BYQ-003,2024-07-26 18:00:00,424.7
500KV-BYQ-001,2024-07-27 00:00:00,481.7
500KV-BYQ-002,2024-07-27 00:00:00,457.2
500KV-BYQ-003,2024-07-27 00:00:00,425.4
500KV-BYQ-001,2024-07-27 06:00:00,484.0
500KV-BYQ-002,2024-07-27 06:00:00,459.5
500KV-BYQ-003,2024-07-27 06:00:00,429.8
500KV-BYQ-001,2024-07-27 12:00:00,479.1
500KV-BYQ-002,2024-07-27 12:00:00,463.5
500KV-BYQ-003,2024-07-27 12:00:00,431.8
500KV-BYQ-001,2024-07-27 18:00:00,477.3
500KV-BYQ-002,2024-07-27 18:00:00,460.3
500KV-BYQ-003,2024-07-27 18:00:00,433.4
500KV-BYQ-001,2024-07-28 00:00:00,475.8
500KV-BYQ-002,2024-07-28 00:00:00,457.6
500KV-BYQ-003,2024-07-28 00:00:00,433.9
500KV-BYQ-001,2024-07-28 06:00:00,479.1
500KV-BYQ-002,2024-07-28 06:00:00,457.4
500KV-BYQ-003,2024-07-28 06:00:00,437.0
500KV-BYQ-001,2024-07-28 12:00:00,480.0
500KV-BYQ-002,2024-07-28 12:00:00,456.6
500KV-BYQ-003,2024-07-28 12:00:00,439.7
500KV-BYQ-001,2024-07-28 18:00:00,484.4
500KV-BYQ-002,2024-07-28 18:00:00,451.8
500KV-BYQ-003,2024-07-28 18:00:00,443.3
500KV-BYQ-001,2024-07-29 00:00:00,480.0
500KV-BYQ-002,2024-07-29 00:00:00,450.1
500KV-BYQ-003,2024-07-29 00:00:00,445.9
500KV-BYQ-001,2024-07-29 06:00:00,483.0
500KV-BYQ-002,2024-07-29 06:00:00,450.9
500KV-BYQ-003,2024-07-29 06:00:00,447.3
500KV-BYQ-001,2024-07-29 12:00:00,487.5
500KV-BYQ-002,2024-07-29 12:00:00,447.3
500KV-BYQ-003,2024-07-29 12:00:00,449.9
500KV-BYQ-001,2024-07-29 18:00:00,486.6
500KV-BYQ-002,2024-07-29 18:00:00,449.5
500KV-BYQ-003,2024-07-29 18:00:00,446.6
500KV-BYQ-001,2024-07-30 00:00:00,482.8
500KV-BYQ-002,2024-07-30 00:00:00,452.6
500KV-BYQ-003,2024-07-30 00:00:00,445.4
500KV-BYQ-001,2024-07-30 06:00:00,479.9
500KV-BYQ-002,2024-07-30 06:00:00,456.7
500KV-BYQ-003,2024-07-30 06:00:00,445.2
500KV-BYQ-001,2024-07-30 12:00:00,480.8
500KV-BYQ-002,2024-07-30 12:00:00,458.3
500KV-BYQ-003,2024-07-30 12:00:00,445.6
500KV-BYQ-001,2024-07-30 18:00:00,485.4
500KV-BYQ-002,2024-07-30 18:00:00,463.2
500KV-BYQ-003,2024-07-30 18:00:00,444.3
500KV-BYQ-001,2024-07-31 00:00:00,487.4
500KV-BYQ-002,2024-07-31 00:00:00,458.8
500KV-BYQ-003,2024-07-31 00:00:00,448.8
500KV-BYQ-001,2024-07-31 06:00:00,483.8
500KV-BYQ-002,2024-07-31 06:00:00,454.4
500KV-BYQ-003,2024-07-31 06:00:00,444.3
500KV-BYQ-001,2024-07-31 12:00:00,488.1
500KV-BYQ-002,2024-07-31 12:00:00,459.3
500KV-BYQ-003,2024-07-31 12:00:00,444.1
500KV-BYQ-001,2024-07-31 18:00:00,486.4
500KV-BYQ-002,2024-07-31 18:00:00,458.6
500KV-BYQ-003,2024-07-31 18:00:00,444.3
500KV-BYQ-001,2024-08-01 00:00:00,481.6
500KV-BYQ-002,2024-08-01 00:00:00,463.2
500KV-BYQ-003,2024-08-01 00:00:00,443.9
500KV-BYQ-001,2024-08-01 06:00:00,476.9
500KV-BYQ-002,2024-08-01 06:00:00,460.7
500KV-BYQ-003,2024-08-01 06:00:00,439.7
500KV-BYQ-001,2024-08-01 12:00:00,475.6
500KV-BYQ-002,2024-08-01 12:00:00,464.8
500KV-BYQ-003,2024-08-01 12:00:00,443.4
500KV-BYQ-001,2024-08-01 18:00:00,477.6
500KV-BYQ-002,2024-08-01 18:00:00,461.8
500KV-BYQ-003,2024-08-01 18:00:00,441.7
500KV-BYQ-001,2024-08-02 00:00:00,482.1
500KV-BYQ-002,2024-08-02 00:00:00,466.3
500KV-BYQ-003,2024-08-02 00:00:00,445.4
500KV-BYQ-001,2024-08-02 06:00:00,483.7
500KV-BYQ-002,2024-08-02 06:00:00,461.8
500KV-BYQ-003,2024-08-02 06:00:00,445.4
500KV-BYQ-001,2024-08-02 12:00:00,479.9
500KV-BYQ-002,2024-08-02 12:00:00,459.9
500KV-BYQ-003,2024-08-02 12:00:00,448.5
500KV-BYQ-001,2024-08-02 18:00:00,483.1
500KV-BYQ-002,2024-08-02 18:00:00,458.2
500KV-BYQ-003,2024-08-02 18:00:00,450.2
500KV-BYQ-001,2024-08-03 00:00:00,485.0
500KV-BYQ-002,2024-08-03 00:00:00,460.7
500KV-BYQ-003,2024-08-03 00:00:00,448.4
500KV-BYQ-001,2024-08-03 06:00:00,487.2
500KV-BYQ-002,2024-08-03 06:00:00,458.6
500KV-BYQ-003,2024-08-03 06:00:00,447.7
500KV-BYQ-001,2024-08-03 12:00:00,484.1
500KV-BYQ-002,2024-08-03 12:00:00,455.4
500KV-BYQ-003,2024-08-03 12:00:00,451.2
500KV-BYQ-001,2024-08-03 18:00:00,485.3
500KV-BYQ-002,2024-08-03 18:00:00,458.5
500KV-BYQ-003,2024-08-03 18:00:00,453.0
500KV-BYQ-001,2024-08-04 00:00:00,484.2
500KV-BYQ-002,2024-08-04 00:00:00,456.5
500KV-BYQ-003,2024-08-04 00:00:00,456.0
500KV-BYQ-001,2024-08-04 06:00:00,486.7
500KV-BYQ-002,2024-08-04 06:00:00,453.9
500KV-BYQ-003,2024-08-04 06:00:00,460.5
500KV-BYQ-001,2024-08-04 12:00:00,483.3
500KV-BYQ-002,2024-08-04 12:00:00,455.7
500KV-BYQ-003,2024-08-04 12:00:00,463.0
500KV-BYQ-001,2024-08-04 18:00:00,481.7
500KV-BYQ-002,2024-08-04 18:00:00,451.0
500KV-BYQ-003,2024-08-04 18:00:00,466.4
500KV-BYQ-001,2024-08-05 00:00:00,478.7
500KV-BYQ-002,2024-08-05 00:00:00,446.3
500KV-BYQ-003,2024-08-05 00:00:00,462.2
500KV-BYQ-001,2024-08-05 06:00:00,483.6
500KV-BYQ-002,2024-08-05 06:00:00,446.4
500KV-BYQ-003,2024-08-05 06:00:00,465.3
500KV-BYQ-001,2024-08-05 12:00:00,485.9
500KV-BYQ-002,2024-08-05 12:00:00,449.6
500KV-BYQ-003,2024-08-05 12:00:00,464.3
500KV-BYQ-001,2024-08-05 18:00:00,490.1
500KV-BYQ-002,2024-08-05 18:00:00,447.3
500KV-BYQ-003,2024-08-05 18:00:00,469.0
500KV-BYQ-001,2024-08-06 00:00:00,490.7
500KV-BYQ-002,2024-08-06 00:00:00,445.1
500KV-BYQ-003,2024-08-06 00:00:00,470.8
500KV-BYQ-001,2024-08-06 06:00:00,486.8
500KV-BYQ-002,2024-08-06 06:00:00,444.2
500KV-BYQ-003,2024-08-06 06:00:00,474.0
500KV-BYQ-001,2024-08-06 12:00:00,486.5
500KV-BYQ-002,2024-08-06 12:00:00,441.2
500KV-BYQ-003,2024-08-06 12:00:00,469.8
500KV-BYQ-001,2024-08-06 18:00:00,489.8
500KV-BYQ-002,2024-08-06 18:00:00,442.3
500KV-BYQ-003,2024-08-06 18:00:00,470.7
500KV-BYQ-001,2024-08-07 00:00:00,487.4
500KV-BYQ-002,2024-08-07 00:00:00,438.8
500KV-BYQ-003,2024-08-07 00:00:00,471.0
500KV-BYQ-001,2024-08-07 06:00:00,491.4
500KV-BYQ-002,2024-08-07 06:00:00,443.3
500KV-BYQ-003,2024-08-07 06:00:00,471.9
500KV-BYQ-001,2024-08-07 12:00:00,492.0
500KV-BYQ-002,2024-08-07 12:00:00,439.4
500KV-BYQ-003,2024-08-07 12:00:00,473.7
500KV-BYQ-001,2024-08-07 18:00:00,490.4
500KV-BYQ-002,2024-08-07 18:00:00,435.0
500KV-BYQ-003,2024-08-07 18:00:00,477.9
500KV-BYQ-001,2024-08-08 00:00:00,487.9
500KV-BYQ-002,2024-08-08 00:00:00,432.1
500KV-BYQ-003,2024-08-08 00:00:00,477.3
500KV-BYQ-001,2024-08-08 06:00:00,491.3
500KV-BYQ-002,2024-08-08 06:00:00,433.5
500KV-BYQ-003,2024-08-08 06:00:00,481.8
500KV-BYQ-001,2024-08-08 12:00:00,486.6
500KV-BYQ-002,2024-08-08 12:00:00,431.0
500KV-BYQ-003,2024-08-08 12:00:00,481.1
500KV-BYQ-001,2024-08-08 18:00:00,482.1
500KV-BYQ-002,2024-08-08 18:00:00,434.5
500KV-BYQ-003,2024-08-08 18:00:00,484.8
500KV-BYQ-001,2024-08-09 00:00:00,479.8
500KV-BYQ-002,2024-08-09 00:00:00,432.2
500KV-BYQ-003,2024-08-09 00:00:00,486.1
500KV-BYQ-001,2024-08-09 06:00:00,482.4
500KV-BYQ-002,2024-08-09 06:00:00,429.4
500KV-BYQ-003,2024-08-09 06:00:00,485.7
500KV-BYQ-001,2024-08-09 12:00:00,483.7
500KV-BYQ-002,2024-08-09 12:00:00,430.2
500KV-BYQ-003,2024-08-09 12:00:00,481.5
500KV-BYQ-001,2024-08-09 18:00:00,486.6
500KV-BYQ-002,2024-08-09 18:00:00,430.9
500KV-BYQ-003,2024-08-09 18:00:00,484.3
500KV-BYQ-001,2024-08-10 00:00:00,483.2
500KV-BYQ-002,2024-08-10 00:00:00,435.1
500KV-BYQ-003,2024-08-10 00:00:00,482.4
500KV-BYQ-001,2024-08-10 06:00:00,480.1
500KV-BYQ-002,2024-08-10 06:00:00,433.0
500KV-BYQ-003,2024-08-10 06:00:00,477.7
500KV-BYQ-001,2024-08-10 12:00:00,481.5
500KV-BYQ-002,2024-08-10 12:00:00,434.2
500KV-BYQ-003,2024-08-10 12:00:00,476.8
500KV-BYQ-001,2024-08-10 18:00:00,482.7
500KV-BYQ-002,2024-08-10 18:00:00,432.0
500KV-BYQ-003,2024-08-10 18:00:00,481.4
500KV-BYQ-001,2024-08-11 00:00:00,482.5
500KV-BYQ-002,2024-08-11 00:00:00,432.9
500KV-BYQ-003,2024-08-11 00:00:00,477.4
500KV-BYQ-001,2024-08-11 06:00:00,480.2
500KV-BYQ-002,2024-08-11 06:00:00,433.6
500KV-BYQ-003,2024-08-11 06:00:00,482.2
500KV-BYQ-001,2024-08-11 12:00:00,477.9
500KV-BYQ-002,2024-08-11 12:00:00,437.5
500KV-BYQ-003,2024-08-11 12:00:00,477.5
500KV-BYQ-001,2024-08-11 18:00:00,478.8
500KV-BYQ-002,2024-08-11 18:00:00,433.6
500KV-BYQ-003,2024-08-11 18:00:00,477.2
500KV-BYQ-001,2024-08-12 00:00:00,481.5
500KV-BYQ-002,2024-08-12 00:00:00,436.3
500KV-BYQ-003,2024-08-12 00:00:00,476.3
500KV-BYQ-001,2024-08-12 06:00:00,477.5
500KV-BYQ-002,2024-08-12 06:00:00,432.9
500KV-BYQ-003,2024-08-12 06:00:00,471.5
500KV-BYQ-001,2024-08-12 12:00:00,474.9
500KV-BYQ-002,2024-08-12 12:00:00,429.7
500KV-BYQ-003,2024-08-12 12:00:00,476.0
500KV-BYQ-001,2024-08-12 18:00:00,473.2
500KV-BYQ-002,2024-08-12 18:00:00,429.1
500KV-BYQ-003,2024-08-12 18:00:00,480.4
500KV-BYQ-001,2024-08-13 00:00:00,472.3
500KV-BYQ-002,2024-08-13 00:00:00,428.4
500KV-BYQ-003,2024-08-13 00:00:00,476.5
500KV-BYQ-001,2024-08-13 06:00:00,469.3
500KV-BYQ-002,2024-08-13 06:00:00,429.8
500KV-BYQ-003,2024-08-13 06:00:00,474.2
500KV-BYQ-001,2024-08-13 12:00:00,464.8
500KV-BYQ-002,2024-08-13 12:00:00,427.1
500KV-BYQ-003,2024-08-13 12:00:00,470.7
500KV-BYQ-001,2024-08-13 18:00:00,464.4
500KV-BYQ-002,2024-08-13 18:00:00,429.8
500KV-BYQ-003,2024-08-13 18:00:00,472.4
500KV-BYQ-001,2024-08-14 00:00:00,465.5
500KV-BYQ-002,2024-08-14 00:00:00,426.3
500KV-BYQ-003,2024-08-14 00:00:00,474.3
500KV-BYQ-001,2024-08-14 06:00:00,463.4
500KV-BYQ-002,2024-08-14 06:00:00,423.0
500KV-BYQ-003,2024-08-14 06:00:00,473.0
500KV-BYQ-001,2024-08-14 12:00:00,467.8
500KV-BYQ-002,2024-08-14 12:00:00,426.9
500KV-BYQ-003,2024-08-14 12:00:00,476.2
500KV-BYQ-001,2024-08-14 18:00:00,470.4
500KV-BYQ-002,2024-08-14 18:00:00,427.4
500KV-BYQ-003,2024-08-14 18:00:00,475.3
500KV-BYQ-001,2024-08-15 00:00:00,467.4
500KV-BYQ-002,2024-08-15 00:00:00,429.3
500KV-BYQ-003,2024-08-15 00:00:00,471.4
500KV-BYQ-001,2024-08-15 06:00:00,468.1
500KV-BYQ-002,2024-08-15 06:00:00,433.3
500KV-BYQ-003,2024-08-15 06:00:00,471.5
500KV-BYQ-001,2024-08-15 12:00:00,464.1
500KV-BYQ-002,2024-08-15 12:00:00,430.6
500KV-BYQ-003,2024-08-15 12:00:00,471.8
500KV-BYQ-001,2024-08-15 18:00:00,459.2
500KV-BYQ-002,2024-08-15 18:00:00,433.0
500KV-BYQ-003,2024-08-15 18:00:00,470.3
500KV-BYQ-001,2024-08-16 00:00:00,458.2
500KV-BYQ-002,2024-08-16 00:00:00,429.8
500KV-BYQ-003,2024-08-16 00:00:00,467.5
500KV-BYQ-001,2024-08-16 06:00:00,457.9
500KV-BYQ-002,2024-08-16 06:00:00,428.8
500KV-BYQ-003,2024-08-16 06:00:00,469.4
500KV-BYQ-001,2024-08-16 12:00:00,457.2
500KV-BYQ-002,2024-08-16 12:00:00,424.4
500KV-BYQ-003,2024-08-16 12:00:00,467.6
500KV-BYQ-001,2024-08-16 18:00:00,453.3
500KV-BYQ-002,2024-08-16 18:00:00,421.9
500KV-BYQ-003,2024-08-16 18:00:00,470.4
500KV-BYQ-001,2024-08-17 00:00:00,449.6
500KV-BYQ-002,2024-08-17 00:00:00,420.8
500KV-BYQ-003,2024-08-17 00:00:00,465.4
500KV-BYQ-001,2024-08-17 06:00:00,451.0
500KV-BYQ-002,2024-08-17 06:00:00,420.8
500KV-BYQ-003,2024-08-17 06:00:00,460.9
500KV-BYQ-001,2024-08-17 12:00:00,454.1
500KV-BYQ-002,2024-08-17 12:00:00,420.2
500KV-BYQ-003,2024-08-17 12:00:00,458.2
500KV-BYQ-001,2024-08-17 18:00:00,450.9
500KV-BYQ-002,2024-08-17 18:00:00,423.4
500KV-BYQ-003,2024-08-17 18:00:00,460.1
500KV-BYQ-001,2024-08-18 00:00:00,451.9
500KV-BYQ-002,2024-08-18 00:00:00,427.7
500KV-BYQ-003,2024-08-18 00:00:00,460.6
500KV-BYQ-001,2024-08-18 06:00:00,448.6
500KV-BYQ-002,2024-08-18 06:00:00,429.4
500KV-BYQ-003,2024-08-18 06:00:00,458.8
500KV-BYQ-001,2024-08-18 12:00:00,445.3
500KV-BYQ-002,2024-08-18 12:00:00,430.5
500KV-BYQ-003,2024-08-18 12:00:00,460.3
500KV-BYQ-001,2024-08-18 18:00:00,448.1
500KV-BYQ-002,2024-08-18 18:00:00,432.3
500KV-BYQ-003,2024-08-18 18:00:00,461.0
500KV-BYQ-001,2024-08-19 00:00:00,444.9
500KV-BYQ-002,2024-08-19 00:00:00,433.8
500KV-BYQ-003,2024-08-19 00:00:00,466.0
500KV-BYQ-001,2024-08-19 06:00:00,443.1
500KV-BYQ-002,2024-08-19 06:00:00,438.6
500KV-BYQ-003,2024-08-19 06:00:00,468.3
500KV-BYQ-001,2024-08-19 12:00:00,439.1
500KV-BYQ-002,2024-08-19 12:00:00,437.3
500KV-BYQ-003,2024-08-19 12:00:00,464.4
500KV-BYQ-001,2024-08-19 18:00:00,441.1
500KV-BYQ-002,2024-08-19 18:00:00,435.0
500KV-BYQ-003,2024-08-19 18:00:00,463.8
500KV-BYQ-001,2024-08-20 00:00:00,437.0
500KV-BYQ-002,2024-08-20 00:00:00,432.6
500KV-BYQ-003,2024-08-20 00:00:00,459.3
500KV-BYQ-001,2024-08-20 06:00:00,440.3
500KV-BYQ-002,2024-08-20 06:00:00,433.9
500KV-BYQ-003,2024-08-20 06:00:00,457.9
500KV-BYQ-001,2024-08-20 12:00:00,442.3
500KV-BYQ-002,2024-08-20 12:00:00,431.6
500KV-BYQ-003,2024-08-20 12:00:00,453.7
500KV-BYQ-001,2024-08-20 18:00:00,446.4
500KV-BYQ-002,2024-08-20 18:00:00,433.9
500KV-BYQ-003,2024-08-20 18:00:00,455.1
500KV-BYQ-001,2024-08-21 00:00:00,447.7
500KV-BYQ-002,2024-08-21 00:00:00,438.9
500KV-BYQ-003,2024-08-21 00:00:00,455.8
500KV-BYQ-001,2024-08-21 06:00:00,451.4
500KV-BYQ-002,2024-08-21 06:00:00,438.7
500KV-BYQ-003,2024-08-21 06:00:00,453.6
500KV-BYQ-001,2024-08-21 12:00:00,448.6
500KV-BYQ-002,2024-08-21 12:00:00,435.6
500KV-BYQ-003,2024-08-21 12:00:00,452.6
500KV-BYQ-001,2024-08-21 18:00:00,444.6
500KV-BYQ-002,2024-08-21 18:00:00,436.1
500KV-BYQ-003,2024-08-21 18:00:00,452.7
500KV-BYQ-001,2024-08-22 00:00:00,441.2
500KV-BYQ-002,2024-08-22 00:00:00,436.6
500KV-BYQ-003,2024-08-22 00:00:00,447.8
500KV-BYQ-001,2024-08-22 06:00:00,436.8
500KV-BYQ-002,2024-08-22 06:00:00,439.6
500KV-BYQ-003,2024-08-22 06:00:00,443.4
500KV-BYQ-001,2024-08-22 12:00:00,434.2
500KV-BYQ-002,2024-08-22 12:00:00,442.2
500KV-BYQ-003,2024-08-22 12:00:00,440.5
500KV-BYQ-001,2024-08-22 18:00:00,437.9
500KV-BYQ-002,2024-08-22 18:00:00,444.0
500KV-BYQ-003,2024-08-22 18:00:00,439.8
500KV-BYQ-001,2024-08-23 00:00:00,437.9
500KV-BYQ-002,2024-08-23 00:00:00,439.4
500KV-BYQ-003,2024-08-23 00:00:00,437.4
500KV-BYQ-001,2024-08-23 06:00:00,442.0
500KV-BYQ-002,2024-08-23 06:00:00,439.6
500KV-BYQ-003,2024-08-23 06:00:00,432.9
500KV-BYQ-001,2024-08-23 12:00:00,437.9
500KV-BYQ-002,2024-08-23 12:00:00,436.2
500KV-BYQ-003,2024-08-23 12:00:00,432.4
500KV-BYQ-001,2024-08-23 18:00:00,435.8
500KV-BYQ-002,2024-08-23 18:00:00,436.4
500KV-BYQ-003,2024-08-23 18:00:00,432.7
500KV-BYQ-001,2024-08-24 00:00:00,437.3
500KV-BYQ-002,2024-08-24 00:00:00,434.4
500KV-BYQ-003,2024-08-24 00:00:00,428.1
500KV-BYQ-001,2024-08-24 06:00:00,433.1
500KV-BYQ-002,2024-08-24 06:00:00,436.9
500KV-BYQ-003,2024-08-24 06:00:00,427.2
500KV-BYQ-001,2024-08-24 12:00:00,429.1
500KV-BYQ-002,2024-08-24 12:00:00,432.3
500KV-BYQ-003,2024-08-24 12:00:00,425.7
500KV-BYQ-001,2024-08-24 18:00:00,429.5
500KV-BYQ-002,2024-08-24 18:00:00,429.1
500KV-BYQ-003,2024-08-24 18:00:00,425.1
500KV-BYQ-001,2024-08-25 00:00:00,434.2
500KV-BYQ-002,2024-08-25 00:00:00,429.8
500KV-BYQ-003,2024-08-25 00:00:00,423.2
500KV-BYQ-001,2024-08-25 06:00:00,438.9
500KV-BYQ-002,2024-08-25 06:00:00,429.5
500KV-BYQ-003,2024-08-25 06:00:00,427.6
500KV-BYQ-001,2024-08-25 12:00:00,442.4
500KV-BYQ-002,2024-08-25 12:00:00,432.8
500KV-BYQ-003,2024-08-25 12:00:00,431.9
500KV-BYQ-001,2024-08-25 18:00:00,442.9
500KV-BYQ-002,2024-08-25 18:00:00,428.8
500KV-BYQ-003,2024-08-25 18:00:00,432.9
500KV-BYQ-001,2024-08-26 00:00:00,447.3
500KV-BYQ-002,2024-08-26 00:00:00,433.3
500KV-BYQ-003,2024-08-26 00:00:00,434.4
500KV-BYQ-001,2024-08-26 06:00:00,442.9
500KV-BYQ-002,2024-08-26 06:00:00,432.8
500KV-BYQ-003,2024-08-26 06:00:00,431.8
500KV-BYQ-001,2024-08-26 12:00:00,446.0
500KV-BYQ-002,2024-08-26 12:00:00,433.0
500KV-BYQ-003,2024-08-26 12:00:00,431.6
500KV-BYQ-001,2024-08-26 18:00:00,442.6
500KV-BYQ-002,2024-08-26 18:00:00,435.5
500KV-BYQ-003,2024-08-26 18:00:00,429.8
500KV-BYQ-001,2024-08-27 00:00:00,447.1
500KV-BYQ-002,2024-08-27 00:00:00,435.3
500KV-BYQ-003,2024-08-27 00:00:00,428.6
500KV-BYQ-001,2024-08-27 06:00:00,444.1
500KV-BYQ-002,2024-08-27 06:00:00,439.9
500KV-BYQ-003,2024-08-27 06:00:00,424.6
500KV-BYQ-001,2024-08-27 12:00:00,444.9
500KV-BYQ-002,2024-08-27 12:00:00,438.0
500KV-BYQ-003,2024-08-27 12:00:00,427.3
500KV-BYQ-001,2024-08-27 18:00:00,446.7
500KV-BYQ-002,2024-08-27 18:00:00,440.4
500KV-BYQ-003,2024-08-27 18:00:00,426.3
500KV-BYQ-001,2024-08-28 00:00:00,447.7
500KV-BYQ-002,2024-08-28 00:00:00,442.1
500KV-BYQ-003,2024-08-28 00:00:00,421.3
500KV-BYQ-001,2024-08-28 06:00:00,443.1
500KV-BYQ-002,2024-08-28 06:00:00,443.7
500KV-BYQ-003,2024-08-28 06:00:00,416.3
500KV-BYQ-001,2024-08-28 12:00:00,439.8
500KV-BYQ-002,2024-08-28 12:00:00,445.2
500KV-BYQ-003,2024-08-28 12:00:00,418.1
500KV-BYQ-001,2024-08-28 18:00:00,438.6
500KV-BYQ-002,2024-08-28 18:00:00,441.5
500KV-BYQ-003,2024-08-28 18:00:00,415.6
500KV-BYQ-001,2024-08-29 00:00:00,442.5
500KV-BYQ-002,2024-08-29 00:00:00,440.5
500KV-BYQ-003,2024-08-29 00:00:00,412.7
500KV-BYQ-001,2024-08-29 06:00:00,445.1
500KV-BYQ-002,2024-08-29 06:00:00,438.7
500KV-BYQ-003,2024-08-29 06:00:00,414.9
500KV-BYQ-001,2024-08-29 12:00:00,446.1
500KV-BYQ-002,2024-08-29 12:00:00,441.7
500KV-BYQ-003,2024-08-29 12:00:00,414.7
500KV-BYQ-001,2024-08-29 18:00:00,443.2
500KV-BYQ-002,2024-08-29 18:00:00,443.6
500KV-BYQ-003,2024-08-29 18:00:00,417.5
500KV-BYQ-001,2025-06-01 00:00:00,386.8
500KV-BYQ-002,2025-06-01 00:00:00,419.4
500KV-BYQ-003,2025-06-01 00:00:00,404.1
500KV-BYQ-001,2025-06-01 06:00:00,390.7
500KV-BYQ-002,2025-06-01 06:00:00,424.2
500KV-BYQ-003,2025-06-01 06:00:00,399.7
500KV-BYQ-001,2025-06-01 12:00:00,393.6
500KV-BYQ-002,2025-06-01 12:00:00,422.8
500KV-BYQ-003,2025-06-01 12:00:00,395.5
500KV-BYQ-001,2025-06-01 18:00:00,398.3
500KV-BYQ-002,2025-06-01 18:00:00,421.9
500KV-BYQ-003,2025-06-01 18:00:00,394.9
500KV-BYQ-001,2025-06-02 00:00:00,399.7
500KV-BYQ-002,2025-06-02 00:00:00,421.0
500KV-BYQ-003,2025-06-02 00:00:00,398.3
500KV-BYQ-001,2025-06-02 06:00:00,395.3
500KV-BYQ-002,2025-06-02 06:00:00,423.3
500KV-BYQ-003,2025-06-02 06:00:00,400.7
500KV-BYQ-001,2025-06-02 12:00:00,398.4
500KV-BYQ-002,2025-06-02 12:00:00,426.3
500KV-BYQ-003,2025-06-02 12:00:00,402.2
500KV-BYQ-001,2025-06-02 18:00:00,397.6
500KV-BYQ-002,2025-06-02 18:00:00,422.1
500KV-BYQ-003,2025-06-02 18:00:00,406.0
500KV-BYQ-001,2025-06-03 00:00:00,400.6
500KV-BYQ-002,2025-06-03 00:00:00,425.1
500KV-BYQ-003,2025-06-03 00:00:00,402.6
500KV-BYQ-001,2025-06-03 06:00:00,405.1
500KV-BYQ-002,2025-06-03 06:00:00,428.2
500KV-BYQ-003,2025-06-03 06:00:00,398.2
500KV-BYQ-001,2025-06-03 12:00:00,404.2
500KV-BYQ-002,2025-06-03 12:00:00,429.5
500KV-BYQ-003,2025-06-03 12:00:00,403.1
500KV-BYQ-001,2025-06-03 18:00:00,406.6
500KV-BYQ-002,2025-06-03 18:00:00,432.7
500KV-BYQ-003,2025-06-03 18:00:00,400.1
500KV-BYQ-001,2025-06-04 00:00:00,405.2
500KV-BYQ-002,2025-06-04 00:00:00,432.0
500KV-BYQ-003,2025-06-04 00:00:00,401.2
500KV-BYQ-001,2025-06-04 06:00:00,408.5
500KV-BYQ-002,2025-06-04 06:00:00,430.3
500KV-BYQ-003,2025-06-04 06:00:00,396.6
500KV-BYQ-001,2025-06-04 12:00:00,404.3
500KV-BYQ-002,2025-06-04 12:00:00,431.0
500KV-BYQ-003,2025-06-04 12:00:00,394.4
500KV-BYQ-001,2025-06-04 18:00:00,399.6
500KV-BYQ-002,2025-06-04 18:00:00,429.2
500KV-BYQ-003,2025-06-04 18:00:00,399.0
500KV-BYQ-001,2025-06-05 00:00:00,400.1
500KV-BYQ-002,2025-06-05 00:00:00,433.5
500KV-BYQ-003,2025-06-05 00:00:00,400.3
500KV-BYQ-001,2025-06-05 06:00:00,396.2
500KV-BYQ-002,2025-06-05 06:00:00,429.6
500KV-BYQ-003,2025-06-05 06:00:00,400.5
500KV-BYQ-001,2025-06-05 12:00:00,397.5
500KV-BYQ-002,2025-06-05 12:00:00,427.0
500KV-BYQ-003,2025-06-05 12:00:00,401.7
500KV-BYQ-001,2025-06-05 18:00:00,399.1
500KV-BYQ-002,2025-06-05 18:00:00,423.4
500KV-BYQ-003,2025-06-05 18:00:00,398.0
500KV-BYQ-001,2025-06-06 00:00:00,399.4
500KV-BYQ-002,2025-06-06 00:00:00,422.8
500KV-BYQ-003,2025-06-06 00:00:00,399.0
500KV-BYQ-001,2025-06-06 06:00:00,400.1
500KV-BYQ-002,2025-06-06 06:00:00,423.1
500KV-BYQ-003,2025-06-06 06:00:00,396.8
500KV-BYQ-001,2025-06-06 12:00:00,396.0
500KV-BYQ-002,2025-06-06 12:00:00,422.9
500KV-BYQ-003,2025-06-06 12:00:00,392.1
500KV-BYQ-001,2025-06-06 18:00:00,392.2
500KV-BYQ-002,2025-06-06 18:00:00,426.0
500KV-BYQ-003,2025-06-06 18:00:00,390.9
500KV-BYQ-001,2025-06-07 00:00:00,389.1
500KV-BYQ-002,2025-06-07 00:00:00,428.9
500KV-BYQ-003,2025-06-07 00:00:00,394.4
500KV-BYQ-001,2025-06-07 06:00:00,390.6
500KV-BYQ-002,2025-06-07 06:00:00,425.6
500KV-BYQ-003,2025-06-07 06:00:00,391.8
500KV-BYQ-001,2025-06-07 12:00:00,389.5
500KV-BYQ-002,2025-06-07 12:00:00,427.6
500KV-BYQ-003,2025-06-07 12:00:00,387.7
500KV-BYQ-001,2025-06-07 18:00:00,385.5
500KV-BYQ-002,2025-06-07 18:00:00,424.6
500KV-BYQ-003,2025-06-07 18:00:00,385.3
500KV-BYQ-001,2025-06-08 00:00:00,384.2
500KV-BYQ-002,2025-06-08 00:00:00,421.2
500KV-BYQ-003,2025-06-08 00:00:00,389.6
500KV-BYQ-001,2025-06-08 06:00:00,386.0
500KV-BYQ-002,2025-06-08 06:00:00,422.9
500KV-BYQ-003,2025-06-08 06:00:00,391.8
500KV-BYQ-001,2025-06-08 12:00:00,386.7
500KV-BYQ-002,2025-06-08 12:00:00,425.7
500KV-BYQ-003,2025-06-08 12:00:00,393.8
500KV-BYQ-001,2025-06-08 18:00:00,388.0
500KV-BYQ-002,2025-06-08 18:00:00,424.2
500KV-BYQ-003,2025-06-08 18:00:00,392.7
500KV-BYQ-001,2025-06-09 00:00:00,392.1
500KV-BYQ-002,2025-06-09 00:00:00,422.7
500KV-BYQ-003,2025-06-09 00:00:00,390.6
500KV-BYQ-001,2025-06-09 06:00:00,395.7
500KV-BYQ-002,2025-06-09 06:00:00,421.5
500KV-BYQ-003,2025-06-09 06:00:00,388.0
500KV-BYQ-001,2025-06-09 12:00:00,392.2
500KV-BYQ-002,2025-06-09 12:00:00,425.1
500KV-BYQ-003,2025-06-09 12:00:00,390.9
500KV-BYQ-001,2025-06-09 18:00:00,387.2
500KV-BYQ-002,2025-06-09 18:00:00,425.2
500KV-BYQ-003,2025-06-09 18:00:00,390.2
500KV-BYQ-001,2025-06-10 00:00:00,387.1
500KV-BYQ-002,2025-06-10 00:00:00,423.8
500KV-BYQ-003,2025-06-10 00:00:00,386.7
500KV-BYQ-001,2025-06-10 06:00:00,386.5
500KV-BYQ-002,2025-06-10 06:00:00,420.1
500KV-BYQ-003,2025-06-10 06:00:00,387.1
500KV-BYQ-001,2025-06-10 12:00:00,384.8
500KV-BYQ-002,2025-06-10 12:00:00,424.9
500KV-BYQ-003,2025-06-10 12:00:00,383.7
500KV-BYQ-001,2025-06-10 18:00:00,386.8
500KV-BYQ-002,2025-06-10 18:00:00,427.8
500KV-BYQ-003,2025-06-10 18:00:00,384.1
500KV-BYQ-001,2025-06-11 00:00:00,385.9
500KV-BYQ-002,2025-06-11 00:00:00,426.3
500KV-BYQ-003,2025-06-11 00:00:00,384.9
500KV-BYQ-001,2025-06-11 06:00:00,381.7
500KV-BYQ-002,2025-06-11 06:00:00,423.2
500KV-BYQ-003,2025-06-11 06:00:00,385.6
500KV-BYQ-001,2025-06-11 12:00:00,384.2
500KV-BYQ-002,2025-06-11 12:00:00,423.5
500KV-BYQ-003,2025-06-11 12:00:00,387.6
500KV-BYQ-001,2025-06-11 18:00:00,382.2
500KV-BYQ-002,2025-06-11 18:00:00,419.6
500KV-BYQ-003,2025-06-11 18:00:00,389.3
500KV-BYQ-001,2025-06-12 00:00:00,383.7
500KV-BYQ-002,2025-06-12 00:00:00,417.7
500KV-BYQ-003,2025-06-12 00:00:00,386.8
500KV-BYQ-001,2025-06-12 06:00:00,382.4
500KV-BYQ-002,2025-06-12 06:00:00,414.8
500KV-BYQ-003,2025-06-12 06:00:00,383.6
500KV-BYQ-001,2025-06-12 12:00:00,381.4
500KV-BYQ-002,2025-06-12 12:00:00,410.3
500KV-BYQ-003,2025-06-12 12:00:00,388.1
500KV-BYQ-001,2025-06-12 18:00:00,376.4
500KV-BYQ-002,2025-06-12 18:00:00,408.0
500KV-BYQ-003,2025-06-12 18:00:00,391.2
500KV-BYQ-001,2025-06-13 00:00:00,372.9
500KV-BYQ-002,2025-06-13 00:00:00,404.3
500KV-BYQ-003,2025-06-13 00:00:00,388.8
500KV-BYQ-001,2025-06-13 06:00:00,372.8
500KV-BYQ-002,2025-06-13 06:00:00,401.8
500KV-BYQ-003,2025-06-13 06:00:00,388.4
500KV-BYQ-001,2025-06-13 12:00:00,373.6
500KV-BYQ-002,2025-06-13 12:00:00,400.4
500KV-BYQ-003,2025-06-13 12:00:00,386.8
500KV-BYQ-001,2025-06-13 18:00:00,377.5
500KV-BYQ-002,2025-06-13 18:00:00,404.7
500KV-BYQ-003,2025-06-13 18:00:00,390.1
500KV-BYQ-001,2025-06-14 00:00:00,374.0
500KV-BYQ-002,2025-06-14 00:00:00,405.9
500KV-BYQ-003,2025-06-14 00:00:00,388.3
500KV-BYQ-001,2025-06-14 06:00:00,377.2
500KV-BYQ-002,2025-06-14 06:00:00,405.3
500KV-BYQ-003,2025-06-14 06:00:00,383.7
500KV-BYQ-001,2025-06-14 12:00:00,377.4
500KV-BYQ-002,2025-06-14 12:00:00,403.2
500KV-BYQ-003,2025-06-14 12:00:00,387.7
500KV-BYQ-001,2025-06-14 18:00:00,378.1
500KV-BYQ-002,2025-06-14 18:00:00,403.3
500KV-BYQ-003,2025-06-14 18:00:00,386.2
500KV-BYQ-001,2025-06-15 00:00:00,379.9
500KV-BYQ-002,2025-06-15 00:00:00,399.1
500KV-BYQ-003,2025-06-15 00:00:00,389.4
500KV-BYQ-001,2025-06-15 06:00:00,379.5
500KV-BYQ-002,2025-06-15 06:00:00,403.4
500KV-BYQ-003,2025-06-15 06:00:00,389.7
500KV-BYQ-001,2025-06-15 12:00:00,381.4
500KV-BYQ-002,2025-06-15 12:00:00,403.8
500KV-BYQ-003,2025-06-15 12:00:00,388.6
500KV-BYQ-001,2025-06-15 18:00:00,382.4
500KV-BYQ-002,2025-06-15 18:00:00,407.4
500KV-BYQ-003,2025-06-15 18:00:00,387.3
500KV-BYQ-001,2025-06-16 00:00:00,377.9
500KV-BYQ-002,2025-06-16 00:00:00,406.7
500KV-BYQ-003,2025-06-16 00:00:00,390.3
500KV-BYQ-001,2025-06-16 06:00:00,374.9
500KV-BYQ-002,2025-06-16 06:00:00,404.8
500KV-BYQ-003,2025-06-16 06:00:00,390.7
500KV-BYQ-001,2025-06-16 12:00:00,370.0
500KV-BYQ-002,2025-06-16 12:00:00,405.8
500KV-BYQ-003,2025-06-16 12:00:00,388.6
500KV-BYQ-001,2025-06-16 18:00:00,366.7
500KV-BYQ-002,2025-06-16 18:00:00,406.4
500KV-BYQ-003,2025-06-16 18:00:00,392.5
500KV-BYQ-001,2025-06-17 00:00:00,366.9
500KV-BYQ-002,2025-06-17 00:00:00,403.8
500KV-BYQ-003,2025-06-17 00:00:00,393.4
500KV-BYQ-001,2025-06-17 06:00:00,369.6
500KV-BYQ-002,2025-06-17 06:00:00,399.0
500KV-BYQ-003,2025-06-17 06:00:00,396.3
500KV-BYQ-001,2025-06-17 12:00:00,371.5
500KV-BYQ-002,2025-06-17 12:00:00,399.7
500KV-BYQ-003,2025-06-17 12:00:00,400.2
500KV-BYQ-001,2025-06-17 18:00:00,376.1
500KV-BYQ-002,2025-06-17 18:00:00,400.5
500KV-BYQ-003,2025-06-17 18:00:00,404.5
500KV-BYQ-001,2025-06-18 00:00:00,376.1
500KV-BYQ-002,2025-06-18 00:00:00,397.7
500KV-BYQ-003,2025-06-18 00:00:00,406.4
500KV-BYQ-001,2025-06-18 06:00:00,377.6
500KV-BYQ-002,2025-06-18 06:00:00,399.4
500KV-BYQ-003,2025-06-18 06:00:00,406.5
500KV-BYQ-001,2025-06-18 12:00:00,378.7
500KV-BYQ-002,2025-06-18 12:00:00,401.2
500KV-BYQ-003,2025-06-18 12:00:00,410.4
500KV-BYQ-001,2025-06-18 18:00:00,381.7
500KV-BYQ-002,2025-06-18 18:00:00,396.5
500KV-BYQ-003,2025-06-18 18:00:00,408.0
500KV-BYQ-001,2025-06-19 00:00:00,385.4
500KV-BYQ-002,2025-06-19 00:00:00,391.5
500KV-BYQ-003,2025-06-19 00:00:00,408.2
500KV-BYQ-001,2025-06-19 06:00:00,389.6
500KV-BYQ-002,2025-06-19 06:00:00,396.1
500KV-BYQ-003,2025-06-19 06:00:00,406.5
500KV-BYQ-001,2025-06-19 12:00:00,390.5
500KV-BYQ-002,2025-06-19 12:00:00,398.0
500KV-BYQ-003,2025-06-19 12:00:00,402.3
500KV-BYQ-001,2025-06-19 18:00:00,386.0
500KV-BYQ-002,2025-06-19 18:00:00,400.6
500KV-BYQ-003,2025-06-19 18:00:00,400.8
500KV-BYQ-001,2025-06-20 00:00:00,387.5
500KV-BYQ-002,2025-06-20 00:00:00,401.4
500KV-BYQ-003,2025-06-20 00:00:00,402.3
500KV-BYQ-001,2025-06-20 06:00:00,383.5
500KV-BYQ-002,2025-06-20 06:00:00,402.7
500KV-BYQ-003,2025-06-20 06:00:00,401.9
500KV-BYQ-001,2025-06-20 12:00:00,385.6
500KV-BYQ-002,2025-06-20 12:00:00,398.5
500KV-BYQ-003,2025-06-20 12:00:00,406.3
500KV-BYQ-001,2025-06-20 18:00:00,385.3
500KV-BYQ-002,2025-06-20 18:00:00,397.8
500KV-BYQ-003,2025-06-20 18:00:00,401.5
500KV-BYQ-001,2025-06-21 00:00:00,388.4
500KV-BYQ-002,2025-06-21 00:00:00,397.1
500KV-BYQ-003,2025-06-21 00:00:00,403.4
500KV-BYQ-001,2025-06-21 06:00:00,389.9
500KV-BYQ-002,2025-06-21 06:00:00,392.9
500KV-BYQ-003,2025-06-21 06:00:00,399.8
500KV-BYQ-001,2025-06-21 12:00:00,386.5
500KV-BYQ-002,2025-06-21 12:00:00,388.6
500KV-BYQ-003,2025-06-21 12:00:00,400.2
500KV-BYQ-001,2025-06-21 18:00:00,391.4
500KV-BYQ-002,2025-06-21 18:00:00,393.0
500KV-BYQ-003,2025-06-21 18:00:00,399.6
500KV-BYQ-001,2025-06-22 00:00:00,386.5
500KV-BYQ-002,2025-06-22 00:00:00,395.2
500KV-BYQ-003,2025-06-22 00:00:00,399.5
500KV-BYQ-001,2025-06-22 06:00:00,391.1
500KV-BYQ-002,2025-06-22 06:00:00,397.0
500KV-BYQ-003,2025-06-22 06:00:00,397.9
500KV-BYQ-001,2025-06-22 12:00:00,394.9
500KV-BYQ-002,2025-06-22 12:00:00,398.2
500KV-BYQ-003,2025-06-22 12:00:00,393.2
500KV-BYQ-001,2025-06-22 18:00:00,396.7
500KV-BYQ-002,2025-06-22 18:00:00,396.5
500KV-BYQ-003,2025-06-22 18:00:00,394.9
500KV-BYQ-001,2025-06-23 00:00:00,395.1
500KV-BYQ-002,2025-06-23 00:00:00,396.2
500KV-BYQ-003,2025-06-23 00:00:00,396.0
500KV-BYQ-001,2025-06-23 06:00:00,390.3
500KV-BYQ-002,2025-06-23 06:00:00,393.8
500KV-BYQ-003,2025-06-23 06:00:00,396.6
500KV-BYQ-001,2025-06-23 12:00:00,391.1
500KV-BYQ-002,2025-06-23 12:00:00,396.1
500KV-BYQ-003,2025-06-23 12:00:00,394.2
500KV-BYQ-001,2025-06-23 18:00:00,387.0
500KV-BYQ-002,2025-06-23 18:00:00,392.1
500KV-BYQ-003,2025-06-23 18:00:00,393.8
500KV-BYQ-001,2025-06-24 00:00:00,384.8
500KV-BYQ-002,2025-06-24 00:00:00,389.4
500KV-BYQ-003,2025-06-24 00:00:00,398.3
500KV-BYQ-001,2025-06-24 06:00:00,380.6
500KV-BYQ-002,2025-06-24 06:00:00,387.6
500KV-BYQ-003,2025-06-24 06:00:00,400.7
500KV-BYQ-001,2025-06-24 12:00:00,379.2
500KV-BYQ-002,2025-06-24 12:00:00,392.5
500KV-BYQ-003,2025-06-24 12:00:00,396.3
500KV-BYQ-001,2025-06-24 18:00:00,375.9
500KV-BYQ-002,2025-06-24 18:00:00,394.7
500KV-BYQ-003,2025-06-24 18:00:00,397.4
500KV-BYQ-001,2025-06-25 00:00:00,375.1
500KV-BYQ-002,2025-06-25 00:00:00,391.2
500KV-BYQ-003,2025-06-25 00:00:00,398.8
500KV-BYQ-001,2025-06-25 06:00:00,374.4
500KV-BYQ-002,2025-06-25 06:00:00,395.5
500KV-BYQ-003,2025-06-25 06:00:00,396.1
500KV-BYQ-001,2025-06-25 12:00:00,378.4
500KV-BYQ-002,2025-06-25 12:00:00,394.7
500KV-BYQ-003,2025-06-25 12:00:00,400.2
500KV-BYQ-001,2025-06-25 18:00:00,382.4
500KV-BYQ-002,2025-06-25 18:00:00,394.9
500KV-BYQ-003,2025-06-25 18:00:00,404.0
500KV-BYQ-001,2025-06-26 00:00:00,384.5
500KV-BYQ-002,2025-06-26 00:00:00,397.0
500KV-BYQ-003,2025-06-26 00:00:00,408.2
500KV-BYQ-001,2025-06-26 06:00:00,381.3
500KV-BYQ-002,2025-06-26 06:00:00,400.1
500KV-BYQ-003,2025-06-26 06:00:00,404.0
500KV-BYQ-001,2025-06-26 12:00:00,379.7
500KV-BYQ-002,2025-06-26 12:00:00,403.3
500KV-BYQ-003,2025-06-26 12:00:00,400.6
500KV-BYQ-001,2025-06-26 18:00:00,380.1
500KV-BYQ-002,2025-06-26 18:00:00,404.8
500KV-BYQ-003,2025-06-26 18:00:00,399.2
500KV-BYQ-001,2025-06-27 00:00:00,382.3
500KV-BYQ-002,2025-06-27 00:00:00,408.6
500KV-BYQ-003,2025-06-27 00:00:00,395.4
500KV-BYQ-001,2025-06-27 06:00:00,379.6
500KV-BYQ-002,2025-06-27 06:00:00,410.4
500KV-BYQ-003,2025-06-27 06:00:00,394.8
500KV-BYQ-001,2025-06-27 12:00:00,381.3
500KV-BYQ-002,2025-06-27 12:00:00,412.6
500KV-BYQ-003,2025-06-27 12:00:00,392.3
500KV-BYQ-001,2025-06-27 18:00:00,384.1
500KV-BYQ-002,2025-06-27 18:00:00,412.5
500KV-BYQ-003,2025-06-27 18:00:00,393.6
500KV-BYQ-001,2025-06-28 00:00:00,380.0
500KV-BYQ-002,2025-06-28 00:00:00,416.1
500KV-BYQ-003,2025-06-28 00:00:00,398.2
500KV-BYQ-001,2025-06-28 06:00:00,381.8
500KV-BYQ-002,2025-06-28 06:00:00,411.3
500KV-BYQ-003,2025-06-28 06:00:00,398.2
500KV-BYQ-001,2025-06-28 12:00:00,378.4
500KV-BYQ-002,2025-06-28 12:00:00,412.3
500KV-BYQ-003,2025-06-28 12:00:00,399.0
500KV-BYQ-001,2025-06-28 18:00:00,379.0
500KV-BYQ-002,2025-06-28 18:00:00,408.6
500KV-BYQ-003,2025-06-28 18:00:00,398.9
500KV-BYQ-001,2025-06-29 00:00:00,375.9
500KV-BYQ-002,2025-06-29 00:00:00,409.9
500KV-BYQ-003,2025-06-29 00:00:00,396.4
500KV-BYQ-001,2025-06-29 06:00:00,376.0
500KV-BYQ-002,2025-06-29 06:00:00,414.5
500KV-BYQ-003,2025-06-29 06:00:00,399.6
500KV-BYQ-001,2025-06-29 12:00:00,380.7
500KV-BYQ-002,2025-06-29 12:00:00,414.6
500KV-BYQ-003,2025-06-29 12:00:00,402.5
500KV-BYQ-001,2025-06-29 18:00:00,385.1
500KV-BYQ-002,2025-06-29 18:00:00,414.8
500KV-BYQ-003,2025-06-29 18:00:00,406.0
500KV-BYQ-001,2025-06-30 00:00:00,382.4
500KV-BYQ-002,2025-06-30 00:00:00,412.4
500KV-BYQ-003,2025-06-30 00:00:00,409.7
500KV-BYQ-001,2025-06-30 06:00:00,381.0
500KV-BYQ-002,2025-06-30 06:00:00,416.6
500KV-BYQ-003,2025-06-30 06:00:00,404.7
500KV-BYQ-001,2025-06-30 12:00:00,376.7
500KV-BYQ-002,2025-06-30 12:00:00,421.6
500KV-BYQ-003,2025-06-30 12:00:00,409.0
500KV-BYQ-001,2025-06-30 18:00:00,374.0
500KV-BYQ-002,2025-06-30 18:00:00,420.9
500KV-BYQ-003,2025-06-30 18:00:00,412.8
500KV-BYQ-001,2025-07-01 00:00:00,369.8
500KV-BYQ-002,2025-07-01 00:00:00,423.2
500KV-BYQ-003,2025-07-01 00:00:00,410.8
500KV-BYQ-001,2025-07-01 06:00:00,366.2
500KV-BYQ-002,2025-07-01 06:00:00,428.2
500KV-BYQ-003,2025-07-01 06:00:00,406.1
500KV-BYQ-001,2025-07-01 12:00:00,369.1
500KV-BYQ-002,2025-07-01 12:00:00,429.8
500KV-BYQ-003,2025-07-01 12:00:00,403.0
500KV-BYQ-001,2025-07-01 18:00:00,369.3
500KV-BYQ-002,2025-07-01 18:00:00,428.1
500KV-BYQ-003,2025-07-01 18:00:00,405.7
500KV-BYQ-001,2025-07-02 00:00:00,370.8
500KV-BYQ-002,2025-07-02 00:00:00,430.7
500KV-BYQ-003,2025-07-02 00:00:00,402.7
500KV-BYQ-001,2025-07-02 06:00:00,374.5
500KV-BYQ-002,2025-07-02 06:00:00,429.6
500KV-BYQ-003,2025-07-02 06:00:00,398.3
500KV-BYQ-001,2025-07-02 12:00:00,372.0
500KV-BYQ-002,2025-07-02 12:00:00,430.7
500KV-BYQ-003,2025-07-02 12:00:00,400.7
500KV-BYQ-001,2025-07-02 18:00:00,373.5
500KV-BYQ-002,2025-07-02 18:00:00,433.8
500KV-BYQ-003,2025-07-02 18:00:00,401.0
500KV-BYQ-001,2025-07-03 00:00:00,371.5
500KV-BYQ-002,2025-07-03 00:00:00,430.7
500KV-BYQ-003,2025-07-03 00:00:00,401.5
500KV-BYQ-001,2025-07-03 06:00:00,372.5
500KV-BYQ-002,2025-07-03 06:00:00,432.2
500KV-BYQ-003,2025-07-03 06:00:00,399.1
500KV-BYQ-001,2025-07-03 12:00:00,370.9
500KV-BYQ-002,2025-07-03 12:00:00,436.0
500KV-BYQ-003,2025-07-03 12:00:00,401.7
500KV-BYQ-001,2025-07-03 18:00:00,375.4
500KV-BYQ-002,2025-07-03 18:00:00,434.6
500KV-BYQ-003,2025-07-03 18:00:00,403.4
500KV-BYQ-001,2025-07-04 00:00:00,373.5
500KV-BYQ-002,2025-07-04 00:00:00,435.2
500KV-BYQ-003,2025-07-04 00:00:00,398.9
500KV-BYQ-001,2025-07-04 06:00:00,371.1
500KV-BYQ-002,2025-07-04 06:00:00,436.5
500KV-BYQ-003,2025-07-04 06:00:00,399.8
500KV-BYQ-001,2025-07-04 12:00:00,373.4
500KV-BYQ-002,2025-07-04 12:00:00,432.2
500KV-BYQ-003,2025-07-04 12:00:00,396.8
500KV-BYQ-001,2025-07-04 18:00:00,375.9
500KV-BYQ-002,2025-07-04 18:00:00,427.8
500KV-BYQ-003,2025-07-04 18:00:00,398.7
500KV-BYQ-001,2025-07-05 00:00:00,376.3
500KV-BYQ-002,2025-07-05 00:00:00,423.7
500KV-BYQ-003,2025-07-05 00:00:00,398.9
500KV-BYQ-001,2025-07-05 06:00:00,377.4
500KV-BYQ-002,2025-07-05 06:00:00,423.6
500KV-BYQ-003,2025-07-05 06:00:00,396.3
500KV-BYQ-001,2025-07-05 12:00:00,381.9
500KV-BYQ-002,2025-07-05 12:00:00,425.9
500KV-BYQ-003,2025-07-05 12:00:00,394.7
500KV-BYQ-001,2025-07-05 18:00:00,382.4
500KV-BYQ-002,2025-07-05 18:00:00,427.5
500KV-BYQ-003,2025-07-05 18:00:00,394.3
500KV-BYQ-001,2025-07-06 00:00:00,383.5
500KV-BYQ-002,2025-07-06 00:00:00,429.0
500KV-BYQ-003,2025-07-06 00:00:00,390.9
500KV-BYQ-001,2025-07-06 06:00:00,387.6
500KV-BYQ-002,2025-07-06 06:00:00,431.5
500KV-BYQ-003,2025-07-06 06:00:00,395.5
500KV-BYQ-001,2025-07-06 12:00:00,384.9
500KV-BYQ-002,2025-07-06 12:00:00,436.0
500KV-BYQ-003,2025-07-06 12:00:00,399.4
500KV-BYQ-001,2025-07-06 18:00:00,384.3
500KV-BYQ-002,2025-07-06 18:00:00,436.4
500KV-BYQ-003,2025-07-06 18:00:00,396.6
500KV-BYQ-001,2025-07-07 00:00:00,383.7
500KV-BYQ-002,2025-07-07 00:00:00,437.0
500KV-BYQ-003,2025-07-07 00:00:00,398.0
500KV-BYQ-001,2025-07-07 06:00:00,379.6
500KV-BYQ-002,2025-07-07 06:00:00,441.7
500KV-BYQ-003,2025-07-07 06:00:00,394.3
500KV-BYQ-001,2025-07-07 12:00:00,379.6
500KV-BYQ-002,2025-07-07 12:00:00,439.7
500KV-BYQ-003,2025-07-07 12:00:00,389.7
500KV-BYQ-001,2025-07-07 18:00:00,383.1
500KV-BYQ-002,2025-07-07 18:00:00,442.3
500KV-BYQ-003,2025-07-07 18:00:00,389.4
500KV-BYQ-001,2025-07-08 00:00:00,379.6
500KV-BYQ-002,2025-07-08 00:00:00,443.7
500KV-BYQ-003,2025-07-08 00:00:00,385.3
500KV-BYQ-001,2025-07-08 06:00:00,379.7
500KV-BYQ-002,2025-07-08 06:00:00,439.7
500KV-BYQ-003,2025-07-08 06:00:00,385.8
500KV-BYQ-001,2025-07-08 12:00:00,384.1
500KV-BYQ-002,2025-07-08 12:00:00,438.2
500KV-BYQ-003,2025-07-08 12:00:00,380.9
500KV-BYQ-001,2025-07-08 18:00:00,385.5
500KV-BYQ-002,2025-07-08 18:00:00,438.0
500KV-BYQ-003,2025-07-08 18:00:00,383.5
500KV-BYQ-001,2025-07-09 00:00:00,388.1
500KV-BYQ-002,2025-07-09 00:00:00,442.7
500KV-BYQ-003,2025-07-09 00:00:00,384.7
500KV-BYQ-001,2025-07-09 06:00:00,389.5
500KV-BYQ-002,2025-07-09 06:00:00,447.6
500KV-BYQ-003,2025-07-09 06:00:00,386.8
500KV-BYQ-001,2025-07-09 12:00:00,391.7
500KV-BYQ-002,2025-07-09 12:00:00,443.0
500KV-BYQ-003,2025-07-09 12:00:00,390.4
500KV-BYQ-001,2025-07-09 18:00:00,389.5
500KV-BYQ-002,2025-07-09 18:00:00,438.3
500KV-BYQ-003,2025-07-09 18:00:00,393.4
500KV-BYQ-001,2025-07-10 00:00:00,385.1
500KV-BYQ-002,2025-07-10 00:00:00,437.1
500KV-BYQ-003,2025-07-10 00:00:00,393.8
500KV-BYQ-001,2025-07-10 06:00:00,389.4
500KV-BYQ-002,2025-07-10 06:00:00,432.8
500KV-BYQ-003,2025-07-10 06:00:00,395.5
500KV-BYQ-001,2025-07-10 12:00:00,387.8
500KV-BYQ-002,2025-07-10 12:00:00,435.4
500KV-BYQ-003,2025-07-10 12:00:00,397.9
500KV-BYQ-001,2025-07-10 18:00:00,392.1
500KV-BYQ-002,2025-07-10 18:00:00,432.4
500KV-BYQ-003,2025-07-10 18:00:00,399.7
500KV-BYQ-001,2025-07-11 00:00:00,391.8
500KV-BYQ-002,2025-07-11 00:00:00,428.4
500KV-BYQ-003,2025-07-11 00:00:00,399.0
500KV-BYQ-001,2025-07-11 06:00:00,387.9
500KV-BYQ-002,2025-07-11 06:00:00,425.4
500KV-BYQ-003,2025-07-11 06:00:00,395.0
500KV-BYQ-001,2025-07-11 12:00:00,386.4
500KV-BYQ-002,2025-07-11 12:00:00,430.2
500KV-BYQ-003,2025-07-11 12:00:00,393.8
500KV-BYQ-001,2025-07-11 18:00:00,387.0
500KV-BYQ-002,2025-07-11 18:00:00,429.5
500KV-BYQ-003,2025-07-11 18:00:00,396.6
500KV-BYQ-001,2025-07-12 00:00:00,386.3
500KV-BYQ-002,2025-07-12 00:00:00,430.6
500KV-BYQ-003,2025-07-12 00:00:00,396.2
500KV-BYQ-001,2025-07-12 06:00:00,383.7
500KV-BYQ-002,2025-07-12 06:00:00,433.3
500KV-BYQ-003,2025-07-12 06:00:00,392.6
500KV-BYQ-001,2025-07-12 12:00:00,379.9
500KV-BYQ-002,2025-07-12 12:00:00,434.5
500KV-BYQ-003,2025-07-12 12:00:00,394.1
500KV-BYQ-001,2025-07-12 18:00:00,376.5
500KV-BYQ-002,2025-07-12 18:00:00,436.1
500KV-BYQ-003,2025-07-12 18:00:00,396.7
500KV-BYQ-001,2025-07-13 00:00:00,373.3
500KV-BYQ-002,2025-07-13 00:00:00,431.9
500KV-BYQ-003,2025-07-13 00:00:00,396.0
500KV-BYQ-001,2025-07-13 06:00:00,378.1
500KV-BYQ-002,2025-07-13 06:00:00,430.1
500KV-BYQ-003,2025-07-13 06:00:00,399.2
500KV-BYQ-001,2025-07-13 12:00:00,379.9
500KV-BYQ-002,2025-07-13 12:00:00,426.9
500KV-BYQ-003,2025-07-13 12:00:00,396.1
500KV-BYQ-001,2025-07-13 18:00:00,379.8
500KV-BYQ-002,2025-07-13 18:00:00,421.9
500KV-BYQ-003,2025-07-13 18:00:00,391.3
500KV-BYQ-001,2025-07-14 00:00:00,382.9
500KV-BYQ-002,2025-07-14 00:00:00,426.8
500KV-BYQ-003,2025-07-14 00:00:00,393.4
500KV-BYQ-001,2025-07-14 06:00:00,380.9
500KV-BYQ-002,2025-07-14 06:00:00,422.6
500KV-BYQ-003,2025-07-14 06:00:00,398.2
500KV-BYQ-001,2025-07-14 12:00:00,376.2
500KV-BYQ-002,2025-07-14 12:00:00,424.7
500KV-BYQ-003,2025-07-14 12:00:00,400.1
500KV-BYQ-001,2025-07-14 18:00:00,373.0
500KV-BYQ-002,2025-07-14 18:00:00,428.0
500KV-BYQ-003,2025-07-14 18:00:00,401.8
500KV-BYQ-001,2025-07-15 00:00:00,371.6
500KV-BYQ-002,2025-07-15 00:00:00,429.9
500KV-BYQ-003,2025-07-15 00:00:00,398.6
500KV-BYQ-001,2025-07-15 06:00:00,370.4
500KV-BYQ-002,2025-07-15 06:00:00,428.6
500KV-BYQ-003,2025-07-15 06:00:00,397.9
500KV-BYQ-001,2025-07-15 12:00:00,370.3
500KV-BYQ-002,2025-07-15 12:00:00,426.4
500KV-BYQ-003,2025-07-15 12:00:00,394.9
500KV-BYQ-001,2025-07-15 18:00:00,372.0
500KV-BYQ-002,2025-07-15 18:00:00,427.1
500KV-BYQ-003,2025-07-15 18:00:00,393.7
500KV-BYQ-001,2025-07-16 00:00:00,367.7
500KV-BYQ-002,2025-07-16 00:00:00,426.8
500KV-BYQ-003,2025-07-16 00:00:00,393.3
500KV-BYQ-001,2025-07-16 06:00:00,365.0
500KV-BYQ-002,2025-07-16 06:00:00,424.6
500KV-BYQ-003,2025-07-16 06:00:00,392.8
500KV-BYQ-001,2025-07-16 12:00:00,369.2
500KV-BYQ-002,2025-07-16 12:00:00,420.6
500KV-BYQ-003,2025-07-16 12:00:00,397.2
500KV-BYQ-001,2025-07-16 18:00:00,368.8
500KV-BYQ-002,2025-07-16 18:00:00,419.5
500KV-BYQ-003,2025-07-16 18:00:00,396.8
500KV-BYQ-001,2025-07-17 00:00:00,373.0
500KV-BYQ-002,2025-07-17 00:00:00,416.4
500KV-BYQ-003,2025-07-17 00:00:00,398.5
500KV-BYQ-001,2025-07-17 06:00:00,371.5
500KV-BYQ-002,2025-07-17 06:00:00,412.8
500KV-BYQ-003,2025-07-17 06:00:00,401.9
500KV-BYQ-001,2025-07-17 12:00:00,375.9
500KV-BYQ-002,2025-07-17 12:00:00,408.2
500KV-BYQ-003,2025-07-17 12:00:00,405.5
500KV-BYQ-001,2025-07-17 18:00:00,378.3
500KV-BYQ-002,2025-07-17 18:00:00,404.3
500KV-BYQ-003,2025-07-17 18:00:00,409.7
500KV-BYQ-001,2025-07-18 00:00:00,374.9
500KV-BYQ-002,2025-07-18 00:00:00,406.3
500KV-BYQ-003,2025-07-18 00:00:00,414.6
500KV-BYQ-001,2025-07-18 06:00:00,372.9
500KV-BYQ-002,2025-07-18 06:00:00,402.9
500KV-BYQ-003,2025-07-18 06:00:00,419.4
500KV-BYQ-001,2025-07-18 12:00:00,369.2
500KV-BYQ-002,2025-07-18 12:00:00,402.8
500KV-BYQ-003,2025-07-18 12:00:00,420.2
500KV-BYQ-001,2025-07-18 18:00:00,368.8
500KV-BYQ-002,2025-07-18 18:00:00,403.6
500KV-BYQ-003,2025-07-18 18:00:00,418.0
500KV-BYQ-001,2025-07-19 00:00:00,369.1
500KV-BYQ-002,2025-07-19 00:00:00,407.0
500KV-BYQ-003,2025-07-19 00:00:00,413.3
500KV-BYQ-001,2025-07-19 06:00:00,370.2
500KV-BYQ-002,2025-07-19 06:00:00,402.1
500KV-BYQ-003,2025-07-19 06:00:00,411.6
500KV-BYQ-001,2025-07-19 12:00:00,373.7
500KV-BYQ-002,2025-07-19 12:00:00,403.1
500KV-BYQ-003,2025-07-19 12:00:00,416.5
500KV-BYQ-001,2025-07-19 18:00:00,373.4
500KV-BYQ-002,2025-07-19 18:00:00,399.5
500KV-BYQ-003,2025-07-19 18:00:00,414.0
500KV-BYQ-001,2025-07-20 00:00:00,369.0
500KV-BYQ-002,2025-07-20 00:00:00,396.0
500KV-BYQ-003,2025-07-20 00:00:00,418.1
500KV-BYQ-001,2025-07-20 06:00:00,371.8
500KV-BYQ-002,2025-07-20 06:00:00,397.0
500KV-BYQ-003,2025-07-20 06:00:00,414.2
500KV-BYQ-001,2025-07-20 12:00:00,369.4
500KV-BYQ-002,2025-07-20 12:00:00,394.9
500KV-BYQ-003,2025-07-20 12:00:00,410.3
500KV-BYQ-001,2025-07-20 18:00:00,365.7
500KV-BYQ-002,2025-07-20 18:00:00,396.9
500KV-BYQ-003,2025-07-20 18:00:00,406.6
500KV-BYQ-001,2025-07-21 00:00:00,366.8
500KV-BYQ-002,2025-07-21 00:00:00,392.7
500KV-BYQ-003,2025-07-21 00:00:00,402.6
500KV-BYQ-001,2025-07-21 06:00:00,370.7
500KV-BYQ-002,2025-07-21 06:00:00,388.9
500KV-BYQ-003,2025-07-21 06:00:00,405.5
500KV-BYQ-001,2025-07-21 12:00:00,368.0
500KV-BYQ-002,2025-07-21 12:00:00,385.3
500KV-BYQ-003,2025-07-21 12:00:00,407.0
500KV-BYQ-001,2025-07-21 18:00:00,370.9
500KV-BYQ-002,2025-07-21 18:00:00,381.8
500KV-BYQ-003,2025-07-21 18:00:00,407.4
500KV-BYQ-001,2025-07-22 00:00:00,370.0
500KV-BYQ-002,2025-07-22 00:00:00,381.1
500KV-BYQ-003,2025-07-22 00:00:00,408.7
500KV-BYQ-001,2025-07-22 06:00:00,373.9
500KV-BYQ-002,2025-07-22 06:00:00,386.1
500KV-BYQ-003,2025-07-22 06:00:00,409.0
500KV-BYQ-001,2025-07-22 12:00:00,377.6
500KV-BYQ-002,2025-07-22 12:00:00,385.1
500KV-BYQ-003,2025-07-22 12:00:00,413.2
500KV-BYQ-001,2025-07-22 18:00:00,376.9
500KV-BYQ-002,2025-07-22 18:00:00,385.7
500KV-BYQ-003,2025-07-22 18:00:00,416.0
500KV-BYQ-001,2025-07-23 00:00:00,375.0
500KV-BYQ-002,2025-07-23 00:00:00,384.2
500KV-BYQ-003,2025-07-23 00:00:00,415.9
500KV-BYQ-001,2025-07-23 06:00:00,375.7
500KV-BYQ-002,2025-07-23 06:00:00,384.2
500KV-BYQ-003,2025-07-23 06:00:00,413.7
500KV-BYQ-001,2025-07-23 12:00:00,375.6
500KV-BYQ-002,2025-07-23 12:00:00,388.4
500KV-BYQ-003,2025-07-23 12:00:00,416.8
500KV-BYQ-001,2025-07-23 18:00:00,375.7
500KV-BYQ-002,2025-07-23 18:00:00,388.7
500KV-BYQ-003,2025-07-23 18:00:00,420.6
500KV-BYQ-001,2025-07-24 00:00:00,378.3
500KV-BYQ-002,2025-07-24 00:00:00,392.7
500KV-BYQ-003,2025-07-24 00:00:00,419.9
500KV-BYQ-001,2025-07-24 06:00:00,378.3
500KV-BYQ-002,2025-07-24 06:00:00,388.6
500KV-BYQ-003,2025-07-24 06:00:00,424.5
500KV-BYQ-001,2025-07-24 12:00:00,374.9
500KV-BYQ-002,2025-07-24 12:00:00,385.4
500KV-BYQ-003,2025-07-24 12:00:00,419.6
500KV-BYQ-001,2025-07-24 18:00:00,371.8
500KV-BYQ-002,2025-07-24 18:00:00,383.4
500KV-BYQ-003,2025-07-24 18:00:00,420.5
500KV-BYQ-001,2025-07-25 00:00:00,374.1
500KV-BYQ-002,2025-07-25 00:00:00,388.2
500KV-BYQ-003,2025-07-25 00:00:00,420.1
500KV-BYQ-001,2025-07-25 06:00:00,372.6
500KV-BYQ-002,2025-07-25 06:00:00,386.2
500KV-BYQ-003,2025-07-25 06:00:00,415.9
500KV-BYQ-001,2025-07-25 12:00:00,374.9
500KV-BYQ-002,2025-07-25 12:00:00,388.6
500KV-BYQ-003,2025-07-25 12:00:00,414.7
500KV-BYQ-001,2025-07-25 18:00:00,373.0
500KV-BYQ-002,2025-07-25 18:00:00,385.3
500KV-BYQ-003,2025-07-25 18:00:00,417.0
500KV-BYQ-001,2025-07-26 00:00:00,373.0
500KV-BYQ-002,2025-07-26 00:00:00,384.6
500KV-BYQ-003,2025-07-26 00:00:00,415.6
500KV-BYQ-001,2025-07-26 06:00:00,370.4
500KV-BYQ-002,2025-07-26 06:00:00,388.4
500KV-BYQ-003,2025-07-26 06:00:00,413.8
500KV-BYQ-001,2025-07-26 12:00:00,369.5
500KV-BYQ-002,2025-07-26 12:00:00,385.1
500KV-BYQ-003,2025-07-26 12:00:00,411.2
500KV-BYQ-001,2025-07-26 18:00:00,367.3
500KV-BYQ-002,2025-07-26 18:00:00,388.2
500KV-BYQ-003,2025-07-26 18:00:00,414.2
500KV-BYQ-001,2025-07-27 00:00:00,366.2
500KV-BYQ-002,2025-07-27 00:00:00,393.1
500KV-BYQ-003,2025-07-27 00:00:00,418.0
500KV-BYQ-001,2025-07-27 06:00:00,369.9
500KV-BYQ-002,2025-07-27 06:00:00,388.7
500KV-BYQ-003,2025-07-27 06:00:00,421.9
500KV-BYQ-001,2025-07-27 12:00:00,371.1
500KV-BYQ-002,2025-07-27 12:00:00,384.4
500KV-BYQ-003,2025-07-27 12:00:00,419.7
500KV-BYQ-001,2025-07-27 18:00:00,366.4
500KV-BYQ-002,2025-07-27 18:00:00,387.6
500KV-BYQ-003,2025-07-27 18:00:00,421.6
500KV-BYQ-001,2025-07-28 00:00:00,364.5
500KV-BYQ-002,2025-07-28 00:00:00,385.2
500KV-BYQ-003,2025-07-28 00:00:00,421.3
500KV-BYQ-001,2025-07-28 06:00:00,360.0
500KV-BYQ-002,2025-07-28 06:00:00,388.8
500KV-BYQ-003,2025-07-28 06:00:00,421.8
500KV-BYQ-001,2025-07-28 12:00:00,360.0
500KV-BYQ-002,2025-07-28 12:00:00,390.9
500KV-BYQ-003,2025-07-28 12:00:00,417.2
500KV-BYQ-001,2025-07-28 18:00:00,362.8
500KV-BYQ-002,2025-07-28 18:00:00,395.1
500KV-BYQ-003,2025-07-28 18:00:00,415.8
500KV-BYQ-001,2025-07-29 00:00:00,363.2
500KV-BYQ-002,2025-07-29 00:00:00,393.4
500KV-BYQ-003,2025-07-29 00:00:00,415.5
500KV-BYQ-001,2025-07-29 06:00:00,367.6
500KV-BYQ-002,2025-07-29 06:00:00,390.0
500KV-BYQ-003,2025-07-29 06:00:00,417.0
500KV-BYQ-001,2025-07-29 12:00:00,368.8
500KV-BYQ-002,2025-07-29 12:00:00,388.4
500KV-BYQ-003,2025-07-29 12:00:00,420.1
500KV-BYQ-001,2025-07-29 18:00:00,371.1
500KV-BYQ-002,2025-07-29 18:00:00,393.3
500KV-BYQ-003,2025-07-29 18:00:00,424.9
500KV-BYQ-001,2025-07-30 00:00:00,367.6
500KV-BYQ-002,2025-07-30 00:00:00,395.8
500KV-BYQ-003,2025-07-30 00:00:00,420.8
500KV-BYQ-001,2025-07-30 06:00:00,372.6
500KV-BYQ-002,2025-07-30 06:00:00,395.7
500KV-BYQ-003,2025-07-30 06:00:00,417.7
500KV-BYQ-001,2025-07-30 12:00:00,373.5
500KV-BYQ-002,2025-07-30 12:00:00,393.0
500KV-BYQ-003,2025-07-30 12:00:00,422.4
500KV-BYQ-001,2025-07-30 18:00:00,369.9
500KV-BYQ-002,2025-07-30 18:00:00,393.9
500KV-BYQ-003,2025-07-30 18:00:00,418.9
500KV-BYQ-001,2025-07-31 00:00:00,369.4
500KV-BYQ-002,2025-07-31 00:00:00,396.3
500KV-BYQ-003,2025-07-31 00:00:00,414.4
500KV-BYQ-001,2025-07-31 06:00:00,368.2
500KV-BYQ-002,2025-07-31 06:00:00,399.9
500KV-BYQ-003,2025-07-31 06:00:00,415.1
500KV-BYQ-001,2025-07-31 12:00:00,370.9
500KV-BYQ-002,2025-07-31 12:00:00,402.9
500KV-BYQ-003,2025-07-31 12:00:00,410.4
500KV-BYQ-001,2025-07-31 18:00:00,372.4
500KV-BYQ-002,2025-07-31 18:00:00,401.6
500KV-BYQ-003,2025-07-31 18:00:00,406.1
500KV-BYQ-001,2025-08-01 00:00:00,376.9
500KV-BYQ-002,2025-08-01 00:00:00,403.5
500KV-BYQ-003,2025-08-01 00:00:00,404.8
500KV-BYQ-001,2025-08-01 06:00:00,380.1
500KV-BYQ-002,2025-08-01 06:00:00,404.3
500KV-BYQ-003,2025-08-01 06:00:00,403.6
500KV-BYQ-001,2025-08-01 12:00:00,375.7
500KV-BYQ-002,2025-08-01 12:00:00,403.9
500KV-BYQ-003,2025-08-01 12:00:00,406.1
500KV-BYQ-001,2025-08-01 18:00:00,371.6
500KV-BYQ-002,2025-08-01 18:00:00,408.5
500KV-BYQ-003,2025-08-01 18:00:00,402.8
500KV-BYQ-001,2025-08-02 00:00:00,366.6
500KV-BYQ-002,2025-08-02 00:00:00,407.7
500KV-BYQ-003,2025-08-02 00:00:00,398.0
500KV-BYQ-001,2025-08-02 06:00:00,361.8
500KV-BYQ-002,2025-08-02 06:00:00,407.7
500KV-BYQ-003,2025-08-02 06:00:00,394.7
500KV-BYQ-001,2025-08-02 12:00:00,364.6
500KV-BYQ-002,2025-08-02 12:00:00,412.2
500KV-BYQ-003,2025-08-02 12:00:00,393.5
500KV-BYQ-001,2025-08-02 18:00:00,363.9
500KV-BYQ-002,2025-08-02 18:00:00,416.6
500KV-BYQ-003,2025-08-02 18:00:00,392.5
500KV-BYQ-001,2025-08-03 00:00:00,360.0
500KV-BYQ-002,2025-08-03 00:00:00,419.7
500KV-BYQ-003,2025-08-03 00:00:00,395.8
500KV-BYQ-001,2025-08-03 06:00:00,363.8
500KV-BYQ-002,2025-08-03 06:00:00,416.4
500KV-BYQ-003,2025-08-03 06:00:00,398.2
500KV-BYQ-001,2025-08-03 12:00:00,366.8
500KV-BYQ-002,2025-08-03 12:00:00,415.5
500KV-BYQ-003,2025-08-03 12:00:00,396.2
500KV-BYQ-001,2025-08-03 18:00:00,365.7
500KV-BYQ-002,2025-08-03 18:00:00,415.7
500KV-BYQ-003,2025-08-03 18:00:00,395.2
500KV-BYQ-001,2025-08-04 00:00:00,370.6
500KV-BYQ-002,2025-08-04 00:00:00,414.4
500KV-BYQ-003,2025-08-04 00:00:00,399.2
500KV-BYQ-001,2025-08-04 06:00:00,375.2
500KV-BYQ-002,2025-08-04 06:00:00,418.9
500KV-BYQ-003,2025-08-04 06:00:00,403.2
500KV-BYQ-001,2025-08-04 12:00:00,377.3
500KV-BYQ-002,2025-08-04 12:00:00,416.0
500KV-BYQ-003,2025-08-04 12:00:00,406.3
500KV-BYQ-001,2025-08-04 18:00:00,377.0
500KV-BYQ-002,2025-08-04 18:00:00,413.4
500KV-BYQ-003,2025-08-04 18:00:00,410.1
500KV-BYQ-001,2025-08-05 00:00:00,377.0
500KV-BYQ-002,2025-08-05 00:00:00,412.3
500KV-BYQ-003,2025-08-05 00:00:00,406.3
500KV-BYQ-001,2025-08-05 06:00:00,380.6
500KV-BYQ-002,2025-08-05 06:00:00,409.8
500KV-BYQ-003,2025-08-05 06:00:00,403.8
500KV-BYQ-001,2025-08-05 12:00:00,377.7
500KV-BYQ-002,2025-08-05 12:00:00,414.7
500KV-BYQ-003,2025-08-05 12:00:00,402.4
500KV-BYQ-001,2025-08-05 18:00:00,373.2
500KV-BYQ-002,2025-08-05 18:00:00,412.8
500KV-BYQ-003,2025-08-05 18:00:00,406.1
500KV-BYQ-001,2025-08-06 00:00:00,372.6
500KV-BYQ-002,2025-08-06 00:00:00,410.1
500KV-BYQ-003,2025-08-06 00:00:00,401.8
500KV-BYQ-001,2025-08-06 06:00:00,375.3
500KV-BYQ-002,2025-08-06 06:00:00,409.0
500KV-BYQ-003,2025-08-06 06:00:00,403.8
500KV-BYQ-001,2025-08-06 12:00:00,374.1
500KV-BYQ-002,2025-08-06 12:00:00,409.8
500KV-BYQ-003,2025-08-06 12:00:00,402.0
500KV-BYQ-001,2025-08-06 18:00:00,370.9
500KV-BYQ-002,2025-08-06 18:00:00,411.3
500KV-BYQ-003,2025-08-06 18:00:00,402.1
500KV-BYQ-001,2025-08-07 00:00:00,370.0
500KV-BYQ-002,2025-08-07 00:00:00,407.2
500KV-BYQ-003,2025-08-07 00:00:00,402.8
500KV-BYQ-001,2025-08-07 06:00:00,374.5
500KV-BYQ-002,2025-08-07 06:00:00,407.8
500KV-BYQ-003,2025-08-07 06:00:00,403.4
500KV-BYQ-001,2025-08-07 12:00:00,372.0
500KV-BYQ-002,2025-08-07 12:00:00,407.1
500KV-BYQ-003,2025-08-07 12:00:00,404.5
500KV-BYQ-001,2025-08-07 18:00:00,374.7
500KV-BYQ-002,2025-08-07 18:00:00,404.5
500KV-BYQ-003,2025-08-07 18:00:00,405.4
500KV-BYQ-001,2025-08-08 00:00:00,372.4
500KV-BYQ-002,2025-08-08 00:00:00,404.9
500KV-BYQ-003,2025-08-08 00:00:00,408.5
500KV-BYQ-001,2025-08-08 06:00:00,376.1
500KV-BYQ-002,2025-08-08 06:00:00,403.8
500KV-BYQ-003,2025-08-08 06:00:00,405.3
500KV-BYQ-001,2025-08-08 12:00:00,380.5
500KV-BYQ-002,2025-08-08 12:00:00,408.0
500KV-BYQ-003,2025-08-08 12:00:00,405.8
500KV-BYQ-001,2025-08-08 18:00:00,378.1
500KV-BYQ-002,2025-08-08 18:00:00,410.0
500KV-BYQ-003,2025-08-08 18:00:00,404.4
500KV-BYQ-001,2025-08-09 00:00:00,379.5
500KV-BYQ-002,2025-08-09 00:00:00,413.8
500KV-BYQ-003,2025-08-09 00:00:00,404.1
500KV-BYQ-001,2025-08-09 06:00:00,379.5
500KV-BYQ-002,2025-08-09 06:00:00,408.9
500KV-BYQ-003,2025-08-09 06:00:00,404.3
500KV-BYQ-001,2025-08-09 12:00:00,383.1
500KV-BYQ-002,2025-08-09 12:00:00,407.8
500KV-BYQ-003,2025-08-09 12:00:00,401.5
500KV-BYQ-001,2025-08-09 18:00:00,379.3
500KV-BYQ-002,2025-08-09 18:00:00,406.9
500KV-BYQ-003,2025-08-09 18:00:00,403.8
500KV-BYQ-001,2025-08-10 00:00:00,382.9
500KV-BYQ-002,2025-08-10 00:00:00,401.9
500KV-BYQ-003,2025-08-10 00:00:00,400.1
500KV-BYQ-001,2025-08-10 06:00:00,380.0
500KV-BYQ-002,2025-08-10 06:00:00,404.9
500KV-BYQ-003,2025-08-10 06:00:00,395.8
500KV-BYQ-001,2025-08-10 12:00:00,379.4
500KV-BYQ-002,2025-08-10 12:00:00,408.2
500KV-BYQ-003,2025-08-10 12:00:00,396.8
500KV-BYQ-001,2025-08-10 18:00:00,384.1
500KV-BYQ-002,2025-08-10 18:00:00,405.8
500KV-BYQ-003,2025-08-10 18:00:00,400.2
500KV-BYQ-001,2025-08-11 00:00:00,385.7
500KV-BYQ-002,2025-08-11 00:00:00,405.0
500KV-BYQ-003,2025-08-11 00:00:00,403.1
500KV-BYQ-001,2025-08-11 06:00:00,388.4
500KV-BYQ-002,2025-08-11 06:00:00,407.2
500KV-BYQ-003,2025-08-11 06:00:00,403.8
500KV-BYQ-001,2025-08-11 12:00:00,392.8
500KV-BYQ-002,2025-08-11 12:00:00,410.6
500KV-BYQ-003,2025-08-11 12:00:00,402.9
500KV-BYQ-001,2025-08-11 18:00:00,393.3
500KV-BYQ-002,2025-08-11 18:00:00,408.1
500KV-BYQ-003,2025-08-11 18:00:00,398.4
500KV-BYQ-001,2025-08-12 00:00:00,397.8
500KV-BYQ-002,2025-08-12 00:00:00,404.8
500KV-BYQ-003,2025-08-12 00:00:00,393.6
500KV-BYQ-001,2025-08-12 06:00:00,393.5
500KV-BYQ-002,2025-08-12 06:00:00,405.0
500KV-BYQ-003,2025-08-12 06:00:00,395.4
500KV-BYQ-001,2025-08-12 12:00:00,395.7
500KV-BYQ-002,2025-08-12 12:00:00,400.5
500KV-BYQ-003,2025-08-12 12:00:00,393.6
500KV-BYQ-001,2025-08-12 18:00:00,399.1
500KV-BYQ-002,2025-08-12 18:00:00,405.1
500KV-BYQ-003,2025-08-12 18:00:00,394.6
500KV-BYQ-001,2025-08-13 00:00:00,394.3
500KV-BYQ-002,2025-08-13 00:00:00,403.0
500KV-BYQ-003,2025-08-13 00:00:00,395.5
500KV-BYQ-001,2025-08-13 06:00:00,396.9
500KV-BYQ-002,2025-08-13 06:00:00,401.1
500KV-BYQ-003,2025-08-13 06:00:00,392.7
500KV-BYQ-001,2025-08-13 12:00:00,398.5
500KV-BYQ-002,2025-08-13 12:00:00,397.9
500KV-BYQ-003,2025-08-13 12:00:00,391.3
500KV-BYQ-001,2025-08-13 18:00:00,399.7
500KV-BYQ-002,2025-08-13 18:00:00,397.5
500KV-BYQ-003,2025-08-13 18:00:00,389.7
500KV-BYQ-001,2025-08-14 00:00:00,396.9
500KV-BYQ-002,2025-08-14 00:00:00,393.8
500KV-BYQ-003,2025-08-14 00:00:00,393.2
500KV-BYQ-001,2025-08-14 06:00:00,395.7
500KV-BYQ-002,2025-08-14 06:00:00,394.2
500KV-BYQ-003,2025-08-14 06:00:00,390.6
500KV-BYQ-001,2025-08-14 12:00:00,396.6
500KV-BYQ-002,2025-08-14 12:00:00,398.1
500KV-BYQ-003,2025-08-14 12:00:00,390.7
500KV-BYQ-001,2025-08-14 18:00:00,397.9
500KV-BYQ-002,2025-08-14 18:00:00,396.8
500KV-BYQ-003,2025-08-14 18:00:00,391.7
500KV-BYQ-001,2025-08-15 00:00:00,396.8
500KV-BYQ-002,2025-08-15 00:00:00,399.3
500KV-BYQ-003,2025-08-15 00:00:00,392.5
500KV-BYQ-001,2025-08-15 06:00:00,399.2
500KV-BYQ-002,2025-08-15 06:00:00,394.5
500KV-BYQ-003,2025-08-15 06:00:00,388.4
500KV-BYQ-001,2025-08-15 12:00:00,396.9
500KV-BYQ-002,2025-08-15 12:00:00,392.5
500KV-BYQ-003,2025-08-15 12:00:00,384.7
500KV-BYQ-001,2025-08-15 18:00:00,397.0
500KV-BYQ-002,2025-08-15 18:00:00,396.1
500KV-BYQ-003,2025-08-15 18:00:00,383.3
500KV-BYQ-001,2025-08-16 00:00:00,399.9
500KV-BYQ-002,2025-08-16 00:00:00,396.6
500KV-BYQ-003,2025-08-16 00:00:00,387.0
500KV-BYQ-001,2025-08-16 06:00:00,404.4
500KV-BYQ-002,2025-08-16 06:00:00,394.9
500KV-BYQ-003,2025-08-16 06:00:00,382.1
500KV-BYQ-001,2025-08-16 12:00:00,408.9
500KV-BYQ-002,2025-08-16 12:00:00,392.0
500KV-BYQ-003,2025-08-16 12:00:00,386.8
500KV-BYQ-001,2025-08-16 18:00:00,404.9
500KV-BYQ-002,2025-08-16 18:00:00,387.7
500KV-BYQ-003,2025-08-16 18:00:00,382.0
500KV-BYQ-001,2025-08-17 00:00:00,407.1
500KV-BYQ-002,2025-08-17 00:00:00,384.7
500KV-BYQ-003,2025-08-17 00:00:00,387.0
500KV-BYQ-001,2025-08-17 06:00:00,409.6
500KV-BYQ-002,2025-08-17 06:00:00,381.9
500KV-BYQ-003,2025-08-17 06:00:00,391.0
500KV-BYQ-001,2025-08-17 12:00:00,409.6
500KV-BYQ-002,2025-08-17 12:00:00,380.5
500KV-BYQ-003,2025-08-17 12:00:00,392.2
500KV-BYQ-001,2025-08-17 18:00:00,414.0
500KV-BYQ-002,2025-08-17 18:00:00,382.3
500KV-BYQ-003,2025-08-17 18:00:00,395.8
500KV-BYQ-001,2025-08-18 00:00:00,410.3
500KV-BYQ-002,2025-08-18 00:00:00,385.2
500KV-BYQ-003,2025-08-18 00:00:00,399.3
500KV-BYQ-001,2025-08-18 06:00:00,413.0
500KV-BYQ-002,2025-08-18 06:00:00,381.8
500KV-BYQ-003,2025-08-18 06:00:00,395.0
500KV-BYQ-001,2025-08-18 12:00:00,416.6
500KV-BYQ-002,2025-08-18 12:00:00,381.3
500KV-BYQ-003,2025-08-18 12:00:00,390.7
500KV-BYQ-001,2025-08-18 18:00:00,413.0
500KV-BYQ-002,2025-08-18 18:00:00,380.8
500KV-BYQ-003,2025-08-18 18:00:00,388.1
500KV-BYQ-001,2025-08-19 00:00:00,411.6
500KV-BYQ-002,2025-08-19 00:00:00,384.2
500KV-BYQ-003,2025-08-19 00:00:00,390.4
500KV-BYQ-001,2025-08-19 06:00:00,414.2
500KV-BYQ-002,2025-08-19 06:00:00,380.2
500KV-BYQ-003,2025-08-19 06:00:00,392.2
500KV-BYQ-001,2025-08-19 12:00:00,418.2
500KV-BYQ-002,2025-08-19 12:00:00,381.0
500KV-BYQ-003,2025-08-19 12:00:00,394.8
500KV-BYQ-001,2025-08-19 18:00:00,416.7
500KV-BYQ-002,2025-08-19 18:00:00,382.8
500KV-BYQ-003,2025-08-19 18:00:00,395.8
500KV-BYQ-001,2025-08-20 00:00:00,415.2
500KV-BYQ-002,2025-08-20 00:00:00,377.9
500KV-BYQ-003,2025-08-20 00:00:00,395.5
500KV-BYQ-001,2025-08-20 06:00:00,420.0
500KV-BYQ-002,2025-08-20 06:00:00,376.0
500KV-BYQ-003,2025-08-20 06:00:00,390.7
500KV-BYQ-001,2025-08-20 12:00:00,421.8
500KV-BYQ-002,2025-08-20 12:00:00,371.5
500KV-BYQ-003,2025-08-20 12:00:00,393.0
500KV-BYQ-001,2025-08-20 18:00:00,426.3
500KV-BYQ-002,2025-08-20 18:00:00,375.5
500KV-BYQ-003,2025-08-20 18:00:00,391.1
500KV-BYQ-001,2025-08-21 00:00:00,424.0
500KV-BYQ-002,2025-08-21 00:00:00,378.9
500KV-BYQ-003,2025-08-21 00:00:00,391.9
500KV-BYQ-001,2025-08-21 06:00:00,421.7
500KV-BYQ-002,2025-08-21 06:00:00,375.3
500KV-BYQ-003,2025-08-21 06:00:00,394.4
500KV-BYQ-001,2025-08-21 12:00:00,425.6
500KV-BYQ-002,2025-08-21 12:00:00,374.4
500KV-BYQ-003,2025-08-21 12:00:00,396.2
500KV-BYQ-001,2025-08-21 18:00:00,420.9
500KV-BYQ-002,2025-08-21 18:00:00,370.1
500KV-BYQ-003,2025-08-21 18:00:00,401.0
500KV-BYQ-001,2025-08-22 00:00:00,424.4
500KV-BYQ-002,2025-08-22 00:00:00,368.4
500KV-BYQ-003,2025-08-22 00:00:00,399.6
500KV-BYQ-001,2025-08-22 06:00:00,426.4
500KV-BYQ-002,2025-08-22 06:00:00,370.7
500KV-BYQ-003,2025-08-22 06:00:00,397.5
500KV-BYQ-001,2025-08-22 12:00:00,422.6
500KV-BYQ-002,2025-08-22 12:00:00,373.0
500KV-BYQ-003,2025-08-22 12:00:00,399.0
500KV-BYQ-001,2025-08-22 18:00:00,423.3
500KV-BYQ-002,2025-08-22 18:00:00,370.5
500KV-BYQ-003,2025-08-22 18:00:00,401.1
500KV-BYQ-001,2025-08-23 00:00:00,422.7
500KV-BYQ-002,2025-08-23 00:00:00,373.8
500KV-BYQ-003,2025-08-23 00:00:00,396.4
500KV-BYQ-001,2025-08-23 06:00:00,426.1
500KV-BYQ-002,2025-08-23 06:00:00,376.0
500KV-BYQ-003,2025-08-23 06:00:00,399.0
500KV-BYQ-001,2025-08-23 12:00:00,423.8
500KV-BYQ-002,2025-08-23 12:00:00,378.6
500KV-BYQ-003,2025-08-23 12:00:00,398.9
500KV-BYQ-001,2025-08-23 18:00:00,418.9
500KV-BYQ-002,2025-08-23 18:00:00,383.2
500KV-BYQ-003,2025-08-23 18:00:00,399.0
500KV-BYQ-001,2025-08-24 00:00:00,421.6
500KV-BYQ-002,2025-08-24 00:00:00,387.3
500KV-BYQ-003,2025-08-24 00:00:00,395.6
500KV-BYQ-001,2025-08-24 06:00:00,421.4
500KV-BYQ-002,2025-08-24 06:00:00,391.8
500KV-BYQ-003,2025-08-24 06:00:00,398.0
500KV-BYQ-001,2025-08-24 12:00:00,423.6
500KV-BYQ-002,2025-08-24 12:00:00,390.2
500KV-BYQ-003,2025-08-24 12:00:00,395.9
500KV-BYQ-001,2025-08-24 18:00:00,423.2
500KV-BYQ-002,2025-08-24 18:00:00,392.1
500KV-BYQ-003,2025-08-24 18:00:00,392.2
500KV-BYQ-001,2025-08-25 00:00:00,426.4
500KV-BYQ-002,2025-08-25 00:00:00,394.9
500KV-BYQ-003,2025-08-25 00:00:00,387.7
500KV-BYQ-001,2025-08-25 06:00:00,427.1
500KV-BYQ-002,2025-08-25 06:00:00,396.3
500KV-BYQ-003,2025-08-25 06:00:00,384.1
500KV-BYQ-001,2025-08-25 12:00:00,426.1
500KV-BYQ-002,2025-08-25 12:00:00,399.9
500KV-BYQ-003,2025-08-25 12:00:00,381.7
500KV-BYQ-001,2025-08-25 18:00:00,429.7
500KV-BYQ-002,2025-08-25 18:00:00,398.8
500KV-BYQ-003,2025-08-25 18:00:00,377.8
500KV-BYQ-001,2025-08-26 00:00:00,431.6
500KV-BYQ-002,2025-08-26 00:00:00,397.8
500KV-BYQ-003,2025-08-26 00:00:00,380.0
500KV-BYQ-001,2025-08-26 06:00:00,436.4
500KV-BYQ-002,2025-08-26 06:00:00,400.1
500KV-BYQ-003,2025-08-26 06:00:00,384.7
500KV-BYQ-001,2025-08-26 12:00:00,440.3
500KV-BYQ-002,2025-08-26 12:00:00,401.0
500KV-BYQ-003,2025-08-26 12:00:00,380.9
500KV-BYQ-001,2025-08-26 18:00:00,441.3
500KV-BYQ-002,2025-08-26 18:00:00,400.1
500KV-BYQ-003,2025-08-26 18:00:00,382.3
500KV-BYQ-001,2025-08-27 00:00:00,446.0
500KV-BYQ-002,2025-08-27 00:00:00,402.3
500KV-BYQ-003,2025-08-27 00:00:00,382.8
500KV-BYQ-001,2025-08-27 06:00:00,441.1
500KV-BYQ-002,2025-08-27 06:00:00,401.0
500KV-BYQ-003,2025-08-27 06:00:00,379.7
500KV-BYQ-001,2025-08-27 12:00:00,441.7
500KV-BYQ-002,2025-08-27 12:00:00,405.4
500KV-BYQ-003,2025-08-27 12:00:00,375.3
500KV-BYQ-001,2025-08-27 18:00:00,439.1
500KV-BYQ-002,2025-08-27 18:00:00,409.2
500KV-BYQ-003,2025-08-27 18:00:00,375.1
500KV-BYQ-001,2025-08-28 00:00:00,440.5
500KV-BYQ-002,2025-08-28 00:00:00,414.0
500KV-BYQ-003,2025-08-28 00:00:00,375.0
500KV-BYQ-001,2025-08-28 06:00:00,445.0
500KV-BYQ-002,2025-08-28 06:00:00,409.5
500KV-BYQ-003,2025-08-28 06:00:00,379.0
500KV-BYQ-001,2025-08-28 12:00:00,446.0
500KV-BYQ-002,2025-08-28 12:00:00,411.0
500KV-BYQ-003,2025-08-28 12:00:00,382.8
500KV-BYQ-001,2025-08-28 18:00:00,448.9
500KV-BYQ-002,2025-08-28 18:00:00,406.2
500KV-BYQ-003,2025-08-28 18:00:00,387.5
500KV-BYQ-001,2025-08-29 00:00:00,450.7
500KV-BYQ-002,2025-08-29 00:00:00,401.9
500KV-BYQ-003,2025-08-29 00:00:00,391.2
500KV-BYQ-001,2025-08-29 06:00:00,450.9
500KV-BYQ-002,2025-08-29 06:00:00,401.5
500KV-BYQ-003,2025-08-29 06:00:00,390.0
500KV-BYQ-001,2025-08-29 12:00:00,450.9
500KV-BYQ-002,2025-08-29 12:00:00,399.2
500KV-BYQ-003,2025-08-29 12:00:00,391.7
500KV-BYQ-001,2025-08-29 18:00:00,451.4
500KV-BYQ-002,2025-08-29 18:00:00,398.4
500KV-BYQ-003,2025-08-29 18:00:00,389.4
